Measurement,Well,Group,Time,OCR,ECAR,PER,Row,Color_Value,Removed
1,A01,Background,1.31,0,0,0,2,14083324,FALSE
1,A02,hFB1 - Ctrl  - 21% O2,1.31,37.08,5.76,0,2,14083324,FALSE
1,A03,hFB1 - Ctrl  - 21% O2,1.31,14.63,18.61,0,2,10921638,TRUE
1,A04,hFB1 - Ctrl  - 21% O2,1.31,14.95,19.38,0,2,10921638,TRUE
1,A05,hFB1 - Ctrl  - 21% O2,1.31,25.11,25.29,0,2,10921638,TRUE
1,A06,hFB1 - Ctrl  - 21% O2,1.31,1803.5,246.96,0,2,10921638,TRUE
1,A07,hFB1 - Ctrl  - 21% O2,1.31,443.3,32.15,0,2,10921638,TRUE
1,A08,hFB1 - Ctrl  - 21% O2,1.31,36.68,5.56,0,2,14083324,FALSE
1,A09,hFB1 - Ctrl  - 21% O2,1.31,35.07,3.58,0,2,14083324,FALSE
1,A10,hFB1 - Ctrl  - 21% O2,1.31,19.82,20.51,0,2,10921638,TRUE
1,A11,hFB1 - Ctrl  - 21% O2,1.31,63.18,14.61,0,2,10921638,TRUE
1,A12,Background,1.31,0,0,0,2,14083324,FALSE
1,B01,hFB2 - Ctrl - 21% O2,1.31,28.76,6.15,0,2,14083324,FALSE
1,B02,hFB2 - Ctrl - 21% O2,1.31,27.74,3.68,0,2,14083324,FALSE
1,B03,hFB2 - Ctrl - 21% O2,1.31,9.26,11.64,0,2,10921638,TRUE
1,B04,hFB2 - Ctrl - 21% O2,1.31,11.85,7.16,0,2,10921638,TRUE
1,B05,hFB2 - Ctrl - 21% O2,1.31,25.11,3.32,0,2,14083324,FALSE
1,B06,hFB2 - Ctrl - 21% O2,1.31,26,3.34,0,2,14083324,FALSE
1,B07,hFB2 - Ctrl - 21% O2,1.31,24.78,3.64,0,2,14083324,FALSE
1,B08,hFB2 - Ctrl - 21% O2,1.31,23.66,3.38,0,2,14083324,FALSE
1,B09,hFB2 - Ctrl - 21% O2,1.31,26.08,2.94,0,2,14083324,FALSE
1,B10,hFB2 - Ctrl - 21% O2,1.31,33.13,4.08,0,2,10921638,TRUE
1,B11,hFB2 - Ctrl - 21% O2,1.31,19.49,9.31,0,2,14083324,FALSE
1,B12,hFB2 - Ctrl - 21% O2,1.31,25.88,3.62,0,2,10921638,TRUE
1,C01,hFB1 - serum-free media,1.31,32.25,8.53,0,2,14083324,FALSE
1,C02,hFB1 - serum-free media,1.31,31.15,7.08,0,2,14083324,FALSE
1,C03,hFB1 - serum-free media,1.31,-35.25,23.29,0,2,10921638,TRUE
1,C04,hFB1 - serum-free media,1.31,31.58,6.15,0,2,14083324,FALSE
1,C05,hFB1 - serum-free media,1.31,11.96,20.77,0,2,10921638,TRUE
1,C06,hFB1 - serum-free media,1.31,31.72,6.6,0,2,14083324,FALSE
1,C07,hFB1 - serum-free media,1.31,32.36,7.88,0,2,14083324,FALSE
1,C08,hFB1 - serum-free media,1.31,30.47,6.66,0,2,14083324,FALSE
1,C09,hFB1 - serum-free media,1.31,32.95,9.81,0,2,14083324,FALSE
1,C10,hFB1 - serum-free media,1.31,29.88,9.05,0,2,14083324,FALSE
1,C11,hFB1 - serum-free media,1.31,19.61,20.09,0,2,14083324,FALSE
1,C12,hFB1 - serum-free media,1.31,9.15,19.74,0,2,10921638,TRUE
1,D01,hFB2 - serum-free media,1.31,33.31,15.11,0,2,14083324,FALSE
1,D02,hFB2 - serum-free media,1.31,32.78,9.23,0,2,14083324,FALSE
1,D03,hFB2 - serum-free media,1.31,-58.56,19.36,0,2,10921638,TRUE
1,D04,hFB2 - serum-free media,1.31,33.02,6.48,0,2,14083324,FALSE
1,D05,hFB2 - serum-free media,1.31,11.31,22.62,0,2,10921638,TRUE
1,D06,hFB2 - serum-free media,1.31,31.73,7.09,0,2,10921638,TRUE
1,D07,hFB2 - serum-free media,1.31,-8.86,5.25,0,2,10921638,TRUE
1,D08,hFB2 - serum-free media,1.31,32.23,7.46,0,2,14083324,FALSE
1,D09,hFB2 - serum-free media,1.31,31.89,7.3,0,2,14083324,FALSE
1,D10,hFB2 - serum-free media,1.31,31.93,8.98,0,2,10921638,TRUE
1,D11,hFB2 - serum-free media,1.31,37.19,7.22,0,2,10921638,TRUE
1,D12,hFB2 - serum-free media,1.31,10.62,7.26,0,2,10921638,TRUE
1,E01,hFB1 - 1uM aphidicolin,1.31,39.53,23.63,0,2,14083324,FALSE
1,E02,hFB1 - 1uM aphidicolin,1.31,31.52,15.52,0,2,14083324,FALSE
1,E03,hFB1 - 1uM aphidicolin,1.31,43.88,18.27,0,2,14083324,FALSE
1,E04,hFB1 - 1uM aphidicolin,1.31,46.58,16.59,0,2,14083324,FALSE
1,E05,hFB1 - 1uM aphidicolin,1.31,47.43,19.34,0,2,14083324,FALSE
1,E06,hFB1 - 1uM aphidicolin,1.31,44.1,21.34,0,2,10921638,TRUE
1,E07,hFB1 - 1uM aphidicolin,1.31,43.73,20.03,0,2,14083324,FALSE
1,E08,hFB1 - 1uM aphidicolin,1.31,44.13,16.34,0,2,14083324,FALSE
1,E09,hFB1 - 1uM aphidicolin,1.31,-2.31,17.54,0,2,10921638,TRUE
1,E10,hFB1 - 1uM aphidicolin,1.31,41.44,17.14,0,2,14083324,FALSE
1,E11,hFB1 - 1uM aphidicolin,1.31,32.61,23.44,0,2,10921638,TRUE
1,E12,hFB1 - 1uM aphidicolin,1.31,25.12,23.28,0,2,14083324,FALSE
1,F01,hFB2 - 1uM aphidicolin,1.31,62.12,20.17,0,2,14083324,FALSE
1,F02,hFB2 - 1uM aphidicolin,1.31,75.49,18.89,0,2,14083324,FALSE
1,F03,hFB2 - 1uM aphidicolin,1.31,48.4,27.11,0,2,10921638,TRUE
1,F04,hFB2 - 1uM aphidicolin,1.31,54.77,8.98,0,2,10921638,TRUE
1,F05,hFB2 - 1uM aphidicolin,1.31,43.1,9.82,0,2,10921638,TRUE
1,F06,hFB2 - 1uM aphidicolin,1.31,63.51,14.28,0,2,14083324,FALSE
1,F07,hFB2 - 1uM aphidicolin,1.31,54.89,10.55,0,2,14083324,FALSE
1,F08,hFB2 - 1uM aphidicolin,1.31,64.77,11.06,0,2,14083324,FALSE
1,F09,hFB2 - 1uM aphidicolin,1.31,63.91,18.61,0,2,10921638,TRUE
1,F10,hFB2 - 1uM aphidicolin,1.31,63.26,12.46,0,2,10921638,TRUE
1,F11,hFB2 - 1uM aphidicolin,1.31,56.18,17.71,0,2,10921638,TRUE
1,F12,hFB2 - 1uM aphidicolin,1.31,62.66,16.72,0,2,14083324,FALSE
1,G01,hFB1 -  Contact Inhibition,1.31,21.58,6.7,0,2,14083324,FALSE
1,G02,hFB1 -  Contact Inhibition,1.31,-5.79,4.76,0,2,10921638,TRUE
1,G03,hFB1 -  Contact Inhibition,1.31,25.71,5.89,0,2,14083324,FALSE
1,G04,hFB1 -  Contact Inhibition,1.31,10.53,10.86,0,2,10921638,TRUE
1,G05,hFB1 -  Contact Inhibition,1.31,23.84,3.29,0,2,14083324,FALSE
1,G06,hFB1 -  Contact Inhibition,1.31,20.76,4.06,0,2,14083324,FALSE
1,G07,hFB1 -  Contact Inhibition,1.31,-3.55,3.25,0,2,10921638,TRUE
1,G08,hFB1 -  Contact Inhibition,1.31,23.32,4.03,0,2,14083324,FALSE
1,G09,hFB1 -  Contact Inhibition,1.31,25.37,6.24,0,2,14083324,FALSE
1,G10,hFB1 -  Contact Inhibition,1.31,33.02,6.77,0,2,10921638,TRUE
1,G11,hFB1 -  Contact Inhibition,1.31,27.49,3.01,0,2,14083324,FALSE
1,G12,hFB1 -  Contact Inhibition,1.31,18.14,11.32,0,2,10921638,TRUE
1,H01,Background,1.31,0,0,0,2,14083324,FALSE
1,H02,hFB2 - Contact Inhibition,1.31,27.87,7.72,0,2,14083324,FALSE
1,H03,hFB2 - Contact Inhibition,1.31,-7.15,7.71,0,2,10921638,TRUE
1,H04,hFB2 - Contact Inhibition,1.31,18.34,2.29,0,2,10921638,TRUE
1,H05,hFB2 - Contact Inhibition,1.31,30.73,9.98,0,2,14083324,FALSE
1,H06,hFB2 - Contact Inhibition,1.31,27.42,7.57,0,2,14083324,FALSE
1,H07,hFB2 - Contact Inhibition,1.31,-20.87,5.26,0,2,10921638,TRUE
1,H08,hFB2 - Contact Inhibition,1.31,28.49,3.65,0,2,14083324,FALSE
1,H09,hFB2 - Contact Inhibition,1.31,28.48,11.51,0,2,14083324,FALSE
1,H10,hFB2 - Contact Inhibition,1.31,19.27,1.85,0,2,10921638,TRUE
1,H11,hFB2 - Contact Inhibition,1.31,34.56,4.31,0,2,14083324,FALSE
1,H12,Background,1.31,0,0,0,2,14083324,FALSE
2,A01,Background,7.79,0,0,0,98,14083324,FALSE
2,A02,hFB1 - Ctrl  - 21% O2,7.79,35.43,5.54,0,98,14083324,FALSE
2,A03,hFB1 - Ctrl  - 21% O2,7.79,11.44,18.27,0,98,10921638,TRUE
2,A04,hFB1 - Ctrl  - 21% O2,7.79,10.93,19.2,0,98,10921638,TRUE
2,A05,hFB1 - Ctrl  - 21% O2,7.79,16.74,27.73,0,98,10921638,TRUE
2,A06,hFB1 - Ctrl  - 21% O2,7.79,1738.95,223.54,0,98,10921638,TRUE
2,A07,hFB1 - Ctrl  - 21% O2,7.79,380.84,42.13,0,98,10921638,TRUE
2,A08,hFB1 - Ctrl  - 21% O2,7.79,34.81,5.11,0,98,14083324,FALSE
2,A09,hFB1 - Ctrl  - 21% O2,7.79,32.88,3.95,0,98,14083324,FALSE
2,A10,hFB1 - Ctrl  - 21% O2,7.79,15.9,19.91,0,98,10921638,TRUE
2,A11,hFB1 - Ctrl  - 21% O2,7.79,50.16,18.45,0,98,10921638,TRUE
2,A12,Background,7.79,0,0,0,98,14083324,FALSE
2,B01,hFB2 - Ctrl - 21% O2,7.79,26.69,5.81,0,98,14083324,FALSE
2,B02,hFB2 - Ctrl - 21% O2,7.79,25.85,3.04,0,98,14083324,FALSE
2,B03,hFB2 - Ctrl - 21% O2,7.79,6.92,11.62,0,98,10921638,TRUE
2,B04,hFB2 - Ctrl - 21% O2,7.79,5.75,7.59,0,98,10921638,TRUE
2,B05,hFB2 - Ctrl - 21% O2,7.79,24.1,3.33,0,98,14083324,FALSE
2,B06,hFB2 - Ctrl - 21% O2,7.79,24.31,3.54,0,98,14083324,FALSE
2,B07,hFB2 - Ctrl - 21% O2,7.79,22.99,3.46,0,98,14083324,FALSE
2,B08,hFB2 - Ctrl - 21% O2,7.79,21.92,3.35,0,98,14083324,FALSE
2,B09,hFB2 - Ctrl - 21% O2,7.79,24.76,3.87,0,98,14083324,FALSE
2,B10,hFB2 - Ctrl - 21% O2,7.79,30.52,4.59,0,98,10921638,TRUE
2,B11,hFB2 - Ctrl - 21% O2,7.79,14.94,8.58,0,98,14083324,FALSE
2,B12,hFB2 - Ctrl - 21% O2,7.79,24.89,4.08,0,98,10921638,TRUE
2,C01,hFB1 - serum-free media,7.79,30.13,8.56,0,98,14083324,FALSE
2,C02,hFB1 - serum-free media,7.79,29.32,5.97,0,98,14083324,FALSE
2,C03,hFB1 - serum-free media,7.79,-38.76,23.61,0,98,10921638,TRUE
2,C04,hFB1 - serum-free media,7.79,28.92,5.98,0,98,14083324,FALSE
2,C05,hFB1 - serum-free media,7.79,8.78,21.91,0,98,10921638,TRUE
2,C06,hFB1 - serum-free media,7.79,30.09,5.57,0,98,14083324,FALSE
2,C07,hFB1 - serum-free media,7.79,30.4,7.41,0,98,14083324,FALSE
2,C08,hFB1 - serum-free media,7.79,28.16,5.8,0,98,14083324,FALSE
2,C09,hFB1 - serum-free media,7.79,31.19,9.51,0,98,14083324,FALSE
2,C10,hFB1 - serum-free media,7.79,25.78,9.87,0,98,14083324,FALSE
2,C11,hFB1 - serum-free media,7.79,15.96,20.64,0,98,14083324,FALSE
2,C12,hFB1 - serum-free media,7.79,6.62,20.38,0,98,10921638,TRUE
2,D01,hFB2 - serum-free media,7.79,30.89,14.59,0,98,14083324,FALSE
2,D02,hFB2 - serum-free media,7.79,30.48,9.52,0,98,14083324,FALSE
2,D03,hFB2 - serum-free media,7.79,-61.51,18.96,0,98,10921638,TRUE
2,D04,hFB2 - serum-free media,7.79,30.11,7.04,0,98,14083324,FALSE
2,D05,hFB2 - serum-free media,7.79,8.95,22.68,0,98,10921638,TRUE
2,D06,hFB2 - serum-free media,7.79,30.13,8.49,0,98,10921638,TRUE
2,D07,hFB2 - serum-free media,7.79,-11.5,5.41,0,98,10921638,TRUE
2,D08,hFB2 - serum-free media,7.79,29.63,6.96,0,98,14083324,FALSE
2,D09,hFB2 - serum-free media,7.79,29.96,8,0,98,14083324,FALSE
2,D10,hFB2 - serum-free media,7.79,29.91,9.29,0,98,10921638,TRUE
2,D11,hFB2 - serum-free media,7.79,33.15,5.84,0,98,10921638,TRUE
2,D12,hFB2 - serum-free media,7.79,3.06,7.51,0,98,10921638,TRUE
2,E01,hFB1 - 1uM aphidicolin,7.79,38.08,22.48,0,98,14083324,FALSE
2,E02,hFB1 - 1uM aphidicolin,7.79,29.63,15.38,0,98,14083324,FALSE
2,E03,hFB1 - 1uM aphidicolin,7.79,40.93,19.12,0,98,14083324,FALSE
2,E04,hFB1 - 1uM aphidicolin,7.79,42.55,16.77,0,98,14083324,FALSE
2,E05,hFB1 - 1uM aphidicolin,7.79,42.66,20.62,0,98,14083324,FALSE
2,E06,hFB1 - 1uM aphidicolin,7.79,41.12,19.96,0,98,10921638,TRUE
2,E07,hFB1 - 1uM aphidicolin,7.79,39.43,18.48,0,98,14083324,FALSE
2,E08,hFB1 - 1uM aphidicolin,7.79,39.24,19.21,0,98,14083324,FALSE
2,E09,hFB1 - 1uM aphidicolin,7.79,-7.4,15.26,0,98,10921638,TRUE
2,E10,hFB1 - 1uM aphidicolin,7.79,38.8,17.22,0,98,14083324,FALSE
2,E11,hFB1 - 1uM aphidicolin,7.79,22.22,26.4,0,98,10921638,TRUE
2,E12,hFB1 - 1uM aphidicolin,7.79,18.21,26.45,0,98,14083324,FALSE
2,F01,hFB2 - 1uM aphidicolin,7.79,60.92,20.03,0,98,14083324,FALSE
2,F02,hFB2 - 1uM aphidicolin,7.79,70.83,19.36,0,98,14083324,FALSE
2,F03,hFB2 - 1uM aphidicolin,7.79,23.33,33.9,0,98,10921638,TRUE
2,F04,hFB2 - 1uM aphidicolin,7.79,47.82,7.51,0,98,10921638,TRUE
2,F05,hFB2 - 1uM aphidicolin,7.79,38.94,11.24,0,98,10921638,TRUE
2,F06,hFB2 - 1uM aphidicolin,7.79,60.32,15.34,0,98,14083324,FALSE
2,F07,hFB2 - 1uM aphidicolin,7.79,49.88,11.16,0,98,14083324,FALSE
2,F08,hFB2 - 1uM aphidicolin,7.79,61.54,12.02,0,98,14083324,FALSE
2,F09,hFB2 - 1uM aphidicolin,7.79,58.5,18.11,0,98,10921638,TRUE
2,F10,hFB2 - 1uM aphidicolin,7.79,59.14,12.69,0,98,10921638,TRUE
2,F11,hFB2 - 1uM aphidicolin,7.79,38.87,23.5,0,98,10921638,TRUE
2,F12,hFB2 - 1uM aphidicolin,7.79,59.14,17.93,0,98,14083324,FALSE
2,G01,hFB1 -  Contact Inhibition,7.79,20.73,6.2,0,98,14083324,FALSE
2,G02,hFB1 -  Contact Inhibition,7.79,-8.82,4.28,0,98,10921638,TRUE
2,G03,hFB1 -  Contact Inhibition,7.79,25.55,6.6,0,98,14083324,FALSE
2,G04,hFB1 -  Contact Inhibition,7.79,8.36,11.67,0,98,10921638,TRUE
2,G05,hFB1 -  Contact Inhibition,7.79,21.48,3.44,0,98,14083324,FALSE
2,G06,hFB1 -  Contact Inhibition,7.79,19.43,4.74,0,98,14083324,FALSE
2,G07,hFB1 -  Contact Inhibition,7.79,-6.46,3.65,0,98,10921638,TRUE
2,G08,hFB1 -  Contact Inhibition,7.79,20.68,4.26,0,98,14083324,FALSE
2,G09,hFB1 -  Contact Inhibition,7.79,23.14,6.76,0,98,14083324,FALSE
2,G10,hFB1 -  Contact Inhibition,7.79,31.49,6.3,0,98,10921638,TRUE
2,G11,hFB1 -  Contact Inhibition,7.79,24.43,3.95,0,98,14083324,FALSE
2,G12,hFB1 -  Contact Inhibition,7.79,15.98,12.88,0,98,10921638,TRUE
2,H01,Background,7.79,0,0,0,98,14083324,FALSE
2,H02,hFB2 - Contact Inhibition,7.79,26.52,7.97,0,98,14083324,FALSE
2,H03,hFB2 - Contact Inhibition,7.79,-9.93,7.85,0,98,10921638,TRUE
2,H04,hFB2 - Contact Inhibition,7.79,15.37,1.99,0,98,10921638,TRUE
2,H05,hFB2 - Contact Inhibition,7.79,28.78,9.29,0,98,14083324,FALSE
2,H06,hFB2 - Contact Inhibition,7.79,26.48,7.8,0,98,14083324,FALSE
2,H07,hFB2 - Contact Inhibition,7.79,-22.28,5.15,0,98,10921638,TRUE
2,H08,hFB2 - Contact Inhibition,7.79,26.01,3.63,0,98,14083324,FALSE
2,H09,hFB2 - Contact Inhibition,7.79,27.26,10.44,0,98,14083324,FALSE
2,H10,hFB2 - Contact Inhibition,7.79,19.75,1.3,0,98,10921638,TRUE
2,H11,hFB2 - Contact Inhibition,7.79,31.32,4,0,98,14083324,FALSE
2,H12,Background,7.79,0,0,0,98,14083324,FALSE
3,A01,Background,14.26,0,0,0,194,14083324,FALSE
3,A02,hFB1 - Ctrl  - 21% O2,14.26,35.52,6.17,0,194,14083324,FALSE
3,A03,hFB1 - Ctrl  - 21% O2,14.26,9.64,18.6,0,194,10921638,TRUE
3,A04,hFB1 - Ctrl  - 21% O2,14.26,10.18,19.63,0,194,10921638,TRUE
3,A05,hFB1 - Ctrl  - 21% O2,14.26,19.06,29.5,0,194,10921638,TRUE
3,A06,hFB1 - Ctrl  - 21% O2,14.26,1767.21,317.65,0,194,10921638,TRUE
3,A07,hFB1 - Ctrl  - 21% O2,14.26,328.75,48.22,0,194,10921638,TRUE
3,A08,hFB1 - Ctrl  - 21% O2,14.26,34.68,6.12,0,194,14083324,FALSE
3,A09,hFB1 - Ctrl  - 21% O2,14.26,32.95,4.43,0,194,14083324,FALSE
3,A10,hFB1 - Ctrl  - 21% O2,14.26,14.51,20.44,0,194,10921638,TRUE
3,A11,hFB1 - Ctrl  - 21% O2,14.26,42.11,21.59,0,194,10921638,TRUE
3,A12,Background,14.26,0,0,0,194,14083324,FALSE
3,B01,hFB2 - Ctrl - 21% O2,14.26,26.31,6.42,0,194,14083324,FALSE
3,B02,hFB2 - Ctrl - 21% O2,14.26,25.45,3.71,0,194,14083324,FALSE
3,B03,hFB2 - Ctrl - 21% O2,14.26,6.22,12.4,0,194,10921638,TRUE
3,B04,hFB2 - Ctrl - 21% O2,14.26,4.67,7.88,0,194,10921638,TRUE
3,B05,hFB2 - Ctrl - 21% O2,14.26,23.48,4.03,0,194,14083324,FALSE
3,B06,hFB2 - Ctrl - 21% O2,14.26,24,3.97,0,194,14083324,FALSE
3,B07,hFB2 - Ctrl - 21% O2,14.26,22.42,4.39,0,194,14083324,FALSE
3,B08,hFB2 - Ctrl - 21% O2,14.26,21.15,3.81,0,194,14083324,FALSE
3,B09,hFB2 - Ctrl - 21% O2,14.26,24.07,4.52,0,194,14083324,FALSE
3,B10,hFB2 - Ctrl - 21% O2,14.26,29.74,4.8,0,194,10921638,TRUE
3,B11,hFB2 - Ctrl - 21% O2,14.26,13.42,9.06,0,194,14083324,FALSE
3,B12,hFB2 - Ctrl - 21% O2,14.26,24.65,4.64,0,194,10921638,TRUE
3,C01,hFB1 - serum-free media,14.26,29.63,8.66,0,194,14083324,FALSE
3,C02,hFB1 - serum-free media,14.26,29.28,5.95,0,194,14083324,FALSE
3,C03,hFB1 - serum-free media,14.26,-39.48,23.82,0,194,10921638,TRUE
3,C04,hFB1 - serum-free media,14.26,28.46,6.76,0,194,14083324,FALSE
3,C05,hFB1 - serum-free media,14.26,7.86,22.62,0,194,10921638,TRUE
3,C06,hFB1 - serum-free media,14.26,29.66,5.81,0,194,14083324,FALSE
3,C07,hFB1 - serum-free media,14.26,30.35,7.56,0,194,14083324,FALSE
3,C08,hFB1 - serum-free media,14.26,27.67,6.38,0,194,14083324,FALSE
3,C09,hFB1 - serum-free media,14.26,30.4,10.17,0,194,14083324,FALSE
3,C10,hFB1 - serum-free media,14.26,22.92,12.77,0,194,14083324,FALSE
3,C11,hFB1 - serum-free media,14.26,15.25,22.16,0,194,14083324,FALSE
3,C12,hFB1 - serum-free media,14.26,6.7,20.75,0,194,10921638,TRUE
3,D01,hFB2 - serum-free media,14.26,30.69,15.58,0,194,14083324,FALSE
3,D02,hFB2 - serum-free media,14.26,32.02,9.98,0,194,14083324,FALSE
3,D03,hFB2 - serum-free media,14.26,-63.09,19.94,0,194,10921638,TRUE
3,D04,hFB2 - serum-free media,14.26,29.82,8.11,0,194,14083324,FALSE
3,D05,hFB2 - serum-free media,14.26,8,24.12,0,194,10921638,TRUE
3,D06,hFB2 - serum-free media,14.26,29.75,9.61,0,194,10921638,TRUE
3,D07,hFB2 - serum-free media,14.26,-12.29,6.55,0,194,10921638,TRUE
3,D08,hFB2 - serum-free media,14.26,29.86,7.9,0,194,14083324,FALSE
3,D09,hFB2 - serum-free media,14.26,28.96,9.33,0,194,14083324,FALSE
3,D10,hFB2 - serum-free media,14.26,29.78,10.45,0,194,10921638,TRUE
3,D11,hFB2 - serum-free media,14.26,32.32,6.52,0,194,10921638,TRUE
3,D12,hFB2 - serum-free media,14.26,5.35,8.66,0,194,10921638,TRUE
3,E01,hFB1 - 1uM aphidicolin,14.26,39.02,21.77,0,194,14083324,FALSE
3,E02,hFB1 - 1uM aphidicolin,14.26,29.26,16,0,194,14083324,FALSE
3,E03,hFB1 - 1uM aphidicolin,14.26,40.71,20.09,0,194,14083324,FALSE
3,E04,hFB1 - 1uM aphidicolin,14.26,41.53,18.1,0,194,14083324,FALSE
3,E05,hFB1 - 1uM aphidicolin,14.26,42.12,20.5,0,194,14083324,FALSE
3,E06,hFB1 - 1uM aphidicolin,14.26,41.06,19.89,0,194,10921638,TRUE
3,E07,hFB1 - 1uM aphidicolin,14.26,39.79,17.97,0,194,14083324,FALSE
3,E08,hFB1 - 1uM aphidicolin,14.26,37.79,19.63,0,194,14083324,FALSE
3,E09,hFB1 - 1uM aphidicolin,14.26,-7.42,15.36,0,194,10921638,TRUE
3,E10,hFB1 - 1uM aphidicolin,14.26,38.62,17.03,0,194,14083324,FALSE
3,E11,hFB1 - 1uM aphidicolin,14.26,19.48,28.26,0,194,10921638,TRUE
3,E12,hFB1 - 1uM aphidicolin,14.26,16.41,27.28,0,194,14083324,FALSE
3,F01,hFB2 - 1uM aphidicolin,14.26,60.8,19.92,0,194,14083324,FALSE
3,F02,hFB2 - 1uM aphidicolin,14.26,71.72,19.41,0,194,14083324,FALSE
3,F03,hFB2 - 1uM aphidicolin,14.26,19.35,36.47,0,194,10921638,TRUE
3,F04,hFB2 - 1uM aphidicolin,14.26,46.56,9.15,0,194,10921638,TRUE
3,F05,hFB2 - 1uM aphidicolin,14.26,37.9,12.1,0,194,10921638,TRUE
3,F06,hFB2 - 1uM aphidicolin,14.26,59.92,16.53,0,194,14083324,FALSE
3,F07,hFB2 - 1uM aphidicolin,14.26,49.46,11.73,0,194,14083324,FALSE
3,F08,hFB2 - 1uM aphidicolin,14.26,60.37,13.52,0,194,14083324,FALSE
3,F09,hFB2 - 1uM aphidicolin,14.26,59.18,17.37,0,194,10921638,TRUE
3,F10,hFB2 - 1uM aphidicolin,14.26,58.94,13.92,0,194,10921638,TRUE
3,F11,hFB2 - 1uM aphidicolin,14.26,29.89,27.05,0,194,10921638,TRUE
3,F12,hFB2 - 1uM aphidicolin,14.26,58.84,18.31,0,194,14083324,FALSE
3,G01,hFB1 -  Contact Inhibition,14.26,20.1,6.24,0,194,14083324,FALSE
3,G02,hFB1 -  Contact Inhibition,14.26,-8.91,4.37,0,194,10921638,TRUE
3,G03,hFB1 -  Contact Inhibition,14.26,25.15,7.36,0,194,14083324,FALSE
3,G04,hFB1 -  Contact Inhibition,14.26,8.49,12.44,0,194,10921638,TRUE
3,G05,hFB1 -  Contact Inhibition,14.26,20.84,3.89,0,194,14083324,FALSE
3,G06,hFB1 -  Contact Inhibition,14.26,19.9,4.78,0,194,14083324,FALSE
3,G07,hFB1 -  Contact Inhibition,14.26,-7.51,4.03,0,194,10921638,TRUE
3,G08,hFB1 -  Contact Inhibition,14.26,19.88,5.1,0,194,14083324,FALSE
3,G09,hFB1 -  Contact Inhibition,14.26,23.12,6.79,0,194,14083324,FALSE
3,G10,hFB1 -  Contact Inhibition,14.26,31.12,7.34,0,194,10921638,TRUE
3,G11,hFB1 -  Contact Inhibition,14.26,23.21,5.06,0,194,14083324,FALSE
3,G12,hFB1 -  Contact Inhibition,14.26,15.14,13.6,0,194,10921638,TRUE
3,H01,Background,14.26,0,0,0,194,14083324,FALSE
3,H02,hFB2 - Contact Inhibition,14.26,27.67,8.17,0,194,14083324,FALSE
3,H03,hFB2 - Contact Inhibition,14.26,-11.12,8.72,0,194,10921638,TRUE
3,H04,hFB2 - Contact Inhibition,14.26,15.59,3.01,0,194,10921638,TRUE
3,H05,hFB2 - Contact Inhibition,14.26,28.61,9.84,0,194,14083324,FALSE
3,H06,hFB2 - Contact Inhibition,14.26,26.36,7.83,0,194,14083324,FALSE
3,H07,hFB2 - Contact Inhibition,14.26,-22.92,5.81,0,194,10921638,TRUE
3,H08,hFB2 - Contact Inhibition,14.26,24.81,4.15,0,194,14083324,FALSE
3,H09,hFB2 - Contact Inhibition,14.26,26.84,10.9,0,194,14083324,FALSE
3,H10,hFB2 - Contact Inhibition,14.26,18.62,2.61,0,194,10921638,TRUE
3,H11,hFB2 - Contact Inhibition,14.26,28.58,4.7,0,194,14083324,FALSE
3,H12,Background,14.26,0,0,0,194,14083324,FALSE
4,A01,Background,20.83,0,0,0,290,14083324,FALSE
4,A02,hFB1 - Ctrl  - 21% O2,20.83,13.55,19.78,0,290,14083324,FALSE
4,A03,hFB1 - Ctrl  - 21% O2,20.83,8.52,18.76,0,290,10921638,TRUE
4,A04,hFB1 - Ctrl  - 21% O2,20.83,11.74,21.07,0,290,10921638,TRUE
4,A05,hFB1 - Ctrl  - 21% O2,20.83,14.99,30.03,0,290,10921638,TRUE
4,A06,hFB1 - Ctrl  - 21% O2,20.83,1432.65,389.35,0,290,10921638,TRUE
4,A07,hFB1 - Ctrl  - 21% O2,20.83,269.25,30.49,0,290,10921638,TRUE
4,A08,hFB1 - Ctrl  - 21% O2,20.83,15.93,19.79,0,290,14083324,FALSE
4,A09,hFB1 - Ctrl  - 21% O2,20.83,13.05,16.95,0,290,14083324,FALSE
4,A10,hFB1 - Ctrl  - 21% O2,20.83,14.21,20.08,0,290,10921638,TRUE
4,A11,hFB1 - Ctrl  - 21% O2,20.83,15.34,37.06,0,290,10921638,TRUE
4,A12,Background,20.83,0,0,0,290,14083324,FALSE
4,B01,hFB2 - Ctrl - 21% O2,20.83,10.75,13.78,0,290,14083324,FALSE
4,B02,hFB2 - Ctrl - 21% O2,20.83,11.17,11.26,0,290,14083324,FALSE
4,B03,hFB2 - Ctrl - 21% O2,20.83,6,12.1,0,290,10921638,TRUE
4,B04,hFB2 - Ctrl - 21% O2,20.83,5.31,9.91,0,290,10921638,TRUE
4,B05,hFB2 - Ctrl - 21% O2,20.83,9.72,11.28,0,290,14083324,FALSE
4,B06,hFB2 - Ctrl - 21% O2,20.83,31.35,9.15,0,290,14083324,FALSE
4,B07,hFB2 - Ctrl - 21% O2,20.83,7.59,12.04,0,290,14083324,FALSE
4,B08,hFB2 - Ctrl - 21% O2,20.83,6.64,11.36,0,290,14083324,FALSE
4,B09,hFB2 - Ctrl - 21% O2,20.83,9.74,10.81,0,290,14083324,FALSE
4,B10,hFB2 - Ctrl - 21% O2,20.83,12.16,12.78,0,290,10921638,TRUE
4,B11,hFB2 - Ctrl - 21% O2,20.83,12.91,10.15,0,290,14083324,FALSE
4,B12,hFB2 - Ctrl - 21% O2,20.83,10.82,10.79,0,290,10921638,TRUE
4,C01,hFB1 - serum-free media,20.83,11.27,20.49,0,290,14083324,FALSE
4,C02,hFB1 - serum-free media,20.83,10.51,17.25,0,290,14083324,FALSE
4,C03,hFB1 - serum-free media,20.83,-39.31,21.74,0,290,10921638,TRUE
4,C04,hFB1 - serum-free media,20.83,10.58,18.87,0,290,14083324,FALSE
4,C05,hFB1 - serum-free media,20.83,6.7,21.62,0,290,10921638,TRUE
4,C06,hFB1 - serum-free media,20.83,11.71,17.63,0,290,14083324,FALSE
4,C07,hFB1 - serum-free media,20.83,10.61,19.37,0,290,14083324,FALSE
4,C08,hFB1 - serum-free media,20.83,8.65,18.35,0,290,14083324,FALSE
4,C09,hFB1 - serum-free media,20.83,10.02,22.91,0,290,14083324,FALSE
4,C10,hFB1 - serum-free media,20.83,9.07,22.57,0,290,14083324,FALSE
4,C11,hFB1 - serum-free media,20.83,14.72,22.14,0,290,14083324,FALSE
4,C12,hFB1 - serum-free media,20.83,6.62,20.89,0,290,10921638,TRUE
4,D01,hFB2 - serum-free media,20.83,11.85,26.01,0,290,14083324,FALSE
4,D02,hFB2 - serum-free media,20.83,9.94,23.02,0,290,14083324,FALSE
4,D03,hFB2 - serum-free media,20.83,-63.03,19.93,0,290,10921638,TRUE
4,D04,hFB2 - serum-free media,20.83,10.21,20.71,0,290,14083324,FALSE
4,D05,hFB2 - serum-free media,20.83,7.83,24.46,0,290,10921638,TRUE
4,D06,hFB2 - serum-free media,20.83,9.01,19.75,0,290,10921638,TRUE
4,D07,hFB2 - serum-free media,20.83,-39.92,17.13,0,290,10921638,TRUE
4,D08,hFB2 - serum-free media,20.83,8.22,20.55,0,290,14083324,FALSE
4,D09,hFB2 - serum-free media,20.83,9.4,20.31,0,290,14083324,FALSE
4,D10,hFB2 - serum-free media,20.83,12.62,22.98,0,290,10921638,TRUE
4,D11,hFB2 - serum-free media,20.83,13.55,19.94,0,290,10921638,TRUE
4,D12,hFB2 - serum-free media,20.83,17.94,18.28,0,290,10921638,TRUE
4,E01,hFB1 - 1uM aphidicolin,20.83,11.03,31.25,0,290,14083324,FALSE
4,E02,hFB1 - 1uM aphidicolin,20.83,1.39,24.89,0,290,14083324,FALSE
4,E03,hFB1 - 1uM aphidicolin,20.83,17.42,31.8,0,290,14083324,FALSE
4,E04,hFB1 - 1uM aphidicolin,20.83,18.62,29.34,0,290,14083324,FALSE
4,E05,hFB1 - 1uM aphidicolin,20.83,19.4,32.01,0,290,14083324,FALSE
4,E06,hFB1 - 1uM aphidicolin,20.83,18.78,31.61,0,290,10921638,TRUE
4,E07,hFB1 - 1uM aphidicolin,20.83,18.57,28.01,0,290,14083324,FALSE
4,E08,hFB1 - 1uM aphidicolin,20.83,16.43,31.24,0,290,14083324,FALSE
4,E09,hFB1 - 1uM aphidicolin,20.83,-36.95,25.19,0,290,10921638,TRUE
4,E10,hFB1 - 1uM aphidicolin,20.83,16.6,27.11,0,290,14083324,FALSE
4,E11,hFB1 - 1uM aphidicolin,20.83,19.14,30.11,0,290,10921638,TRUE
4,E12,hFB1 - 1uM aphidicolin,20.83,14.38,26.63,0,290,14083324,FALSE
4,F01,hFB2 - 1uM aphidicolin,20.83,22.6,34.89,0,290,14083324,FALSE
4,F02,hFB2 - 1uM aphidicolin,20.83,29.81,36.15,0,290,14083324,FALSE
4,F03,hFB2 - 1uM aphidicolin,20.83,18.65,36.68,0,290,10921638,TRUE
4,F04,hFB2 - 1uM aphidicolin,20.83,6.79,23.78,0,290,10921638,TRUE
4,F05,hFB2 - 1uM aphidicolin,20.83,-2.95,24.96,0,290,10921638,TRUE
4,F06,hFB2 - 1uM aphidicolin,20.83,25.78,30.75,0,290,14083324,FALSE
4,F07,hFB2 - 1uM aphidicolin,20.83,7.82,24.4,0,290,14083324,FALSE
4,F08,hFB2 - 1uM aphidicolin,20.83,24.08,28.84,0,290,14083324,FALSE
4,F09,hFB2 - 1uM aphidicolin,20.83,93.04,31.42,0,290,10921638,TRUE
4,F10,hFB2 - 1uM aphidicolin,20.83,103.08,29.03,0,290,10921638,TRUE
4,F11,hFB2 - 1uM aphidicolin,20.83,26.79,29.01,0,290,10921638,TRUE
4,F12,hFB2 - 1uM aphidicolin,20.83,24.12,32.55,0,290,14083324,FALSE
4,G01,hFB1 -  Contact Inhibition,20.83,8.07,11.5,0,290,14083324,FALSE
4,G02,hFB1 -  Contact Inhibition,20.83,-25.68,10.4,0,290,10921638,TRUE
4,G03,hFB1 -  Contact Inhibition,20.83,13.45,13.21,0,290,14083324,FALSE
4,G04,hFB1 -  Contact Inhibition,20.83,7.07,12.91,0,290,10921638,TRUE
4,G05,hFB1 -  Contact Inhibition,20.83,8.46,9.82,0,290,14083324,FALSE
4,G06,hFB1 -  Contact Inhibition,20.83,7.11,10.24,0,290,14083324,FALSE
4,G07,hFB1 -  Contact Inhibition,20.83,-22.73,9.06,0,290,10921638,TRUE
4,G08,hFB1 -  Contact Inhibition,20.83,7.73,11.87,0,290,14083324,FALSE
4,G09,hFB1 -  Contact Inhibition,20.83,9.63,12.42,0,290,14083324,FALSE
4,G10,hFB1 -  Contact Inhibition,20.83,9.66,21.69,0,290,10921638,TRUE
4,G11,hFB1 -  Contact Inhibition,20.83,11.99,11.27,0,290,14083324,FALSE
4,G12,hFB1 -  Contact Inhibition,20.83,15.38,14.55,0,290,10921638,TRUE
4,H01,Background,20.83,0,0,0,290,14083324,FALSE
4,H02,hFB2 - Contact Inhibition,20.83,12.1,15.62,0,290,14083324,FALSE
4,H03,hFB2 - Contact Inhibition,20.83,-28.03,14.68,0,290,10921638,TRUE
4,H04,hFB2 - Contact Inhibition,20.83,2.6,10.12,0,290,10921638,TRUE
4,H05,hFB2 - Contact Inhibition,20.83,13.21,17.81,0,290,14083324,FALSE
4,H06,hFB2 - Contact Inhibition,20.83,11.96,15.35,0,290,14083324,FALSE
4,H07,hFB2 - Contact Inhibition,20.83,-41.85,12.73,0,290,10921638,TRUE
4,H08,hFB2 - Contact Inhibition,20.83,12.95,15.38,0,290,14083324,FALSE
4,H09,hFB2 - Contact Inhibition,20.83,12.55,17.96,0,290,14083324,FALSE
4,H10,hFB2 - Contact Inhibition,20.83,6.76,9.12,0,290,10921638,TRUE
4,H11,hFB2 - Contact Inhibition,20.83,17.6,14.31,0,290,14083324,FALSE
4,H12,Background,20.83,0,0,0,290,14083324,FALSE
5,A01,Background,27.31,0,0,0,386,14083324,FALSE
5,A02,hFB1 - Ctrl  - 21% O2,27.31,12.81,18.39,0,386,14083324,FALSE
5,A03,hFB1 - Ctrl  - 21% O2,27.31,8.67,19.23,0,386,10921638,TRUE
5,A04,hFB1 - Ctrl  - 21% O2,27.31,9.56,21.37,0,386,10921638,TRUE
5,A05,hFB1 - Ctrl  - 21% O2,27.31,14.15,30.57,0,386,10921638,TRUE
5,A06,hFB1 - Ctrl  - 21% O2,27.31,1220.47,724.2,0,386,10921638,TRUE
5,A07,hFB1 - Ctrl  - 21% O2,27.31,203.57,56.42,0,386,10921638,TRUE
5,A08,hFB1 - Ctrl  - 21% O2,27.31,13.83,19.42,0,386,14083324,FALSE
5,A09,hFB1 - Ctrl  - 21% O2,27.31,11.03,15.52,0,386,14083324,FALSE
5,A10,hFB1 - Ctrl  - 21% O2,27.31,13.59,20.07,0,386,10921638,TRUE
5,A11,hFB1 - Ctrl  - 21% O2,27.31,14.29,37.14,0,386,10921638,TRUE
5,A12,Background,27.31,0,0,0,386,14083324,FALSE
5,B01,hFB2 - Ctrl - 21% O2,27.31,10.48,14.72,0,386,14083324,FALSE
5,B02,hFB2 - Ctrl - 21% O2,27.31,10.31,11.16,0,386,14083324,FALSE
5,B03,hFB2 - Ctrl - 21% O2,27.31,5.49,12.54,0,386,10921638,TRUE
5,B04,hFB2 - Ctrl - 21% O2,27.31,2.58,10.51,0,386,10921638,TRUE
5,B05,hFB2 - Ctrl - 21% O2,27.31,9.75,11.89,0,386,14083324,FALSE
5,B06,hFB2 - Ctrl - 21% O2,27.31,30.01,11.85,0,386,14083324,FALSE
5,B07,hFB2 - Ctrl - 21% O2,27.31,8.44,12.89,0,386,14083324,FALSE
5,B08,hFB2 - Ctrl - 21% O2,27.31,5.76,12.39,0,386,14083324,FALSE
5,B09,hFB2 - Ctrl - 21% O2,27.31,8.72,11.98,0,386,14083324,FALSE
5,B10,hFB2 - Ctrl - 21% O2,27.31,10.47,14.87,0,386,10921638,TRUE
5,B11,hFB2 - Ctrl - 21% O2,27.31,11.75,10.44,0,386,14083324,FALSE
5,B12,hFB2 - Ctrl - 21% O2,27.31,9.71,11.87,0,386,10921638,TRUE
5,C01,hFB1 - serum-free media,27.31,10.86,21.53,0,386,14083324,FALSE
5,C02,hFB1 - serum-free media,27.31,8.75,18.1,0,386,14083324,FALSE
5,C03,hFB1 - serum-free media,27.31,-40.25,21.02,0,386,10921638,TRUE
5,C04,hFB1 - serum-free media,27.31,9.11,19.46,0,386,14083324,FALSE
5,C05,hFB1 - serum-free media,27.31,6.12,22.07,0,386,10921638,TRUE
5,C06,hFB1 - serum-free media,27.31,10.99,18.98,0,386,14083324,FALSE
5,C07,hFB1 - serum-free media,27.31,8.88,20.2,0,386,14083324,FALSE
5,C08,hFB1 - serum-free media,27.31,8.09,18.04,0,386,14083324,FALSE
5,C09,hFB1 - serum-free media,27.31,9.12,22.72,0,386,14083324,FALSE
5,C10,hFB1 - serum-free media,27.31,7.87,23.24,0,386,14083324,FALSE
5,C11,hFB1 - serum-free media,27.31,14.63,22.11,0,386,14083324,FALSE
5,C12,hFB1 - serum-free media,27.31,6.22,20.99,0,386,10921638,TRUE
5,D01,hFB2 - serum-free media,27.31,11.66,27.18,0,386,14083324,FALSE
5,D02,hFB2 - serum-free media,27.31,9.92,22.22,0,386,14083324,FALSE
5,D03,hFB2 - serum-free media,27.31,-63.36,20.38,0,386,10921638,TRUE
5,D04,hFB2 - serum-free media,27.31,9.8,20.35,0,386,14083324,FALSE
5,D05,hFB2 - serum-free media,27.31,6.97,25.41,0,386,10921638,TRUE
5,D06,hFB2 - serum-free media,27.31,8.61,20.33,0,386,10921638,TRUE
5,D07,hFB2 - serum-free media,27.31,-41.12,17.91,0,386,10921638,TRUE
5,D08,hFB2 - serum-free media,27.31,8.64,21.19,0,386,14083324,FALSE
5,D09,hFB2 - serum-free media,27.31,8.82,19.89,0,386,14083324,FALSE
5,D10,hFB2 - serum-free media,27.31,18.04,23.2,0,386,10921638,TRUE
5,D11,hFB2 - serum-free media,27.31,11.73,20.67,0,386,10921638,TRUE
5,D12,hFB2 - serum-free media,27.31,1.96,18.57,0,386,10921638,TRUE
5,E01,hFB1 - 1uM aphidicolin,27.31,10.94,31.73,0,386,14083324,FALSE
5,E02,hFB1 - 1uM aphidicolin,27.31,0.65,25.26,0,386,14083324,FALSE
5,E03,hFB1 - 1uM aphidicolin,27.31,16.58,32.77,0,386,14083324,FALSE
5,E04,hFB1 - 1uM aphidicolin,27.31,17.22,30.64,0,386,14083324,FALSE
5,E05,hFB1 - 1uM aphidicolin,27.31,17.87,31.83,0,386,14083324,FALSE
5,E06,hFB1 - 1uM aphidicolin,27.31,17.11,32.6,0,386,10921638,TRUE
5,E07,hFB1 - 1uM aphidicolin,27.31,17.59,30.12,0,386,14083324,FALSE
5,E08,hFB1 - 1uM aphidicolin,27.31,15.74,35.78,0,386,14083324,FALSE
5,E09,hFB1 - 1uM aphidicolin,27.31,-39.49,26.96,0,386,10921638,TRUE
5,E10,hFB1 - 1uM aphidicolin,27.31,15.68,29.63,0,386,14083324,FALSE
5,E11,hFB1 - 1uM aphidicolin,27.31,20.83,30.93,0,386,10921638,TRUE
5,E12,hFB1 - 1uM aphidicolin,27.31,25.1,27.45,0,386,14083324,FALSE
5,F01,hFB2 - 1uM aphidicolin,27.31,20.97,36.68,0,386,14083324,FALSE
5,F02,hFB2 - 1uM aphidicolin,27.31,27.31,36.66,0,386,14083324,FALSE
5,F03,hFB2 - 1uM aphidicolin,27.31,17.76,38.08,0,386,10921638,TRUE
5,F04,hFB2 - 1uM aphidicolin,27.31,1.84,25.17,0,386,10921638,TRUE
5,F05,hFB2 - 1uM aphidicolin,27.31,-5.37,25.15,0,386,10921638,TRUE
5,F06,hFB2 - 1uM aphidicolin,27.31,22.87,31.89,0,386,14083324,FALSE
5,F07,hFB2 - 1uM aphidicolin,27.31,4.98,24.42,0,386,14083324,FALSE
5,F08,hFB2 - 1uM aphidicolin,27.31,22.4,29.34,0,386,14083324,FALSE
5,F09,hFB2 - 1uM aphidicolin,27.31,128.07,36.23,0,386,10921638,TRUE
5,F10,hFB2 - 1uM aphidicolin,27.31,118.92,31.59,0,386,10921638,TRUE
5,F11,hFB2 - 1uM aphidicolin,27.31,23.43,30.84,0,386,10921638,TRUE
5,F12,hFB2 - 1uM aphidicolin,27.31,21.7,36.16,0,386,14083324,FALSE
5,G01,hFB1 -  Contact Inhibition,27.31,6.92,12.15,0,386,14083324,FALSE
5,G02,hFB1 -  Contact Inhibition,27.31,-25.84,10.68,0,386,10921638,TRUE
5,G03,hFB1 -  Contact Inhibition,27.31,12.69,13.6,0,386,14083324,FALSE
5,G04,hFB1 -  Contact Inhibition,27.31,5.48,12.94,0,386,10921638,TRUE
5,G05,hFB1 -  Contact Inhibition,27.31,7.88,10.32,0,386,14083324,FALSE
5,G06,hFB1 -  Contact Inhibition,27.31,6.88,10.84,0,386,14083324,FALSE
5,G07,hFB1 -  Contact Inhibition,27.31,-24.08,9.75,0,386,10921638,TRUE
5,G08,hFB1 -  Contact Inhibition,27.31,7.07,13.07,0,386,14083324,FALSE
5,G09,hFB1 -  Contact Inhibition,27.31,8.54,13.49,0,386,14083324,FALSE
5,G10,hFB1 -  Contact Inhibition,27.31,8.98,19.8,0,386,10921638,TRUE
5,G11,hFB1 -  Contact Inhibition,27.31,10.36,13.34,0,386,14083324,FALSE
5,G12,hFB1 -  Contact Inhibition,27.31,13.62,15.08,0,386,10921638,TRUE
5,H01,Background,27.31,0,0,0,386,14083324,FALSE
5,H02,hFB2 - Contact Inhibition,27.31,10.36,16.43,0,386,14083324,FALSE
5,H03,hFB2 - Contact Inhibition,27.31,-28.49,15.25,0,386,10921638,TRUE
5,H04,hFB2 - Contact Inhibition,27.31,0.8,11.47,0,386,10921638,TRUE
5,H05,hFB2 - Contact Inhibition,27.31,11.79,18.7,0,386,14083324,FALSE
5,H06,hFB2 - Contact Inhibition,27.31,9.57,16.43,0,386,14083324,FALSE
5,H07,hFB2 - Contact Inhibition,27.31,-42.24,14.78,0,386,10921638,TRUE
5,H08,hFB2 - Contact Inhibition,27.31,10.22,15.57,0,386,14083324,FALSE
5,H09,hFB2 - Contact Inhibition,27.31,10.59,18.61,0,386,14083324,FALSE
5,H10,hFB2 - Contact Inhibition,27.31,6.4,10.69,0,386,10921638,TRUE
5,H11,hFB2 - Contact Inhibition,27.31,14.63,15.64,0,386,14083324,FALSE
5,H12,Background,27.31,0,0,0,386,14083324,FALSE
6,A01,Background,33.79,0,0,0,482,14083324,FALSE
6,A02,hFB1 - Ctrl  - 21% O2,33.79,12.64,19.79,0,482,14083324,FALSE
6,A03,hFB1 - Ctrl  - 21% O2,33.79,8.49,20.22,0,482,10921638,TRUE
6,A04,hFB1 - Ctrl  - 21% O2,33.79,9.95,21.72,0,482,10921638,TRUE
6,A05,hFB1 - Ctrl  - 21% O2,33.79,15.46,31.41,0,482,10921638,TRUE
6,A06,hFB1 - Ctrl  - 21% O2,33.79,1085.42,859.66,0,482,10921638,TRUE
6,A07,hFB1 - Ctrl  - 21% O2,33.79,159.65,66.5,0,482,10921638,TRUE
6,A08,hFB1 - Ctrl  - 21% O2,33.79,14.37,20.03,0,482,14083324,FALSE
6,A09,hFB1 - Ctrl  - 21% O2,33.79,11.04,15.66,0,482,14083324,FALSE
6,A10,hFB1 - Ctrl  - 21% O2,33.79,13.7,20.07,0,482,10921638,TRUE
6,A11,hFB1 - Ctrl  - 21% O2,33.79,15.34,35.24,0,482,10921638,TRUE
6,A12,Background,33.79,0,0,0,482,14083324,FALSE
6,B01,hFB2 - Ctrl - 21% O2,33.79,10.2,14.53,0,482,14083324,FALSE
6,B02,hFB2 - Ctrl - 21% O2,33.79,10.35,12.08,0,482,14083324,FALSE
6,B03,hFB2 - Ctrl - 21% O2,33.79,5.44,12.79,0,482,10921638,TRUE
6,B04,hFB2 - Ctrl - 21% O2,33.79,2.91,9.48,0,482,10921638,TRUE
6,B05,hFB2 - Ctrl - 21% O2,33.79,9.97,12.54,0,482,14083324,FALSE
6,B06,hFB2 - Ctrl - 21% O2,33.79,29.46,12.45,0,482,14083324,FALSE
6,B07,hFB2 - Ctrl - 21% O2,33.79,13.01,12.65,0,482,14083324,FALSE
6,B08,hFB2 - Ctrl - 21% O2,33.79,6.27,12.5,0,482,14083324,FALSE
6,B09,hFB2 - Ctrl - 21% O2,33.79,9.21,12.27,0,482,14083324,FALSE
6,B10,hFB2 - Ctrl - 21% O2,33.79,10.84,14.59,0,482,10921638,TRUE
6,B11,hFB2 - Ctrl - 21% O2,33.79,11.82,9.69,0,482,14083324,FALSE
6,B12,hFB2 - Ctrl - 21% O2,33.79,9.68,12.24,0,482,10921638,TRUE
6,C01,hFB1 - serum-free media,33.79,10.47,22.25,0,482,14083324,FALSE
6,C02,hFB1 - serum-free media,33.79,8.66,18.83,0,482,14083324,FALSE
6,C03,hFB1 - serum-free media,33.79,-39.49,21.18,0,482,10921638,TRUE
6,C04,hFB1 - serum-free media,33.79,8.65,20.27,0,482,14083324,FALSE
6,C05,hFB1 - serum-free media,33.79,6.62,22.36,0,482,10921638,TRUE
6,C06,hFB1 - serum-free media,33.79,10.93,19.64,0,482,14083324,FALSE
6,C07,hFB1 - serum-free media,33.79,9.38,21.13,0,482,14083324,FALSE
6,C08,hFB1 - serum-free media,33.79,8.43,18.69,0,482,14083324,FALSE
6,C09,hFB1 - serum-free media,33.79,9.43,23.49,0,482,14083324,FALSE
6,C10,hFB1 - serum-free media,33.79,7.71,24.09,0,482,14083324,FALSE
6,C11,hFB1 - serum-free media,33.79,15.17,22.02,0,482,14083324,FALSE
6,C12,hFB1 - serum-free media,33.79,6.36,19.92,0,482,10921638,TRUE
6,D01,hFB2 - serum-free media,33.79,11.61,27.85,0,482,14083324,FALSE
6,D02,hFB2 - serum-free media,33.79,10.03,22.82,0,482,14083324,FALSE
6,D03,hFB2 - serum-free media,33.79,-63.73,21.13,0,482,10921638,TRUE
6,D04,hFB2 - serum-free media,33.79,10.19,20.67,0,482,14083324,FALSE
6,D05,hFB2 - serum-free media,33.79,6.91,26.41,0,482,10921638,TRUE
6,D06,hFB2 - serum-free media,33.79,9.08,20.65,0,482,10921638,TRUE
6,D07,hFB2 - serum-free media,33.79,-40.76,18.38,0,482,10921638,TRUE
6,D08,hFB2 - serum-free media,33.79,9.06,21.53,0,482,14083324,FALSE
6,D09,hFB2 - serum-free media,33.79,9.25,20.8,0,482,14083324,FALSE
6,D10,hFB2 - serum-free media,33.79,17.92,23.43,0,482,10921638,TRUE
6,D11,hFB2 - serum-free media,33.79,11.83,20.39,0,482,10921638,TRUE
6,D12,hFB2 - serum-free media,33.79,-7.7,18.02,0,482,10921638,TRUE
6,E01,hFB1 - 1uM aphidicolin,33.79,13.51,32.13,0,482,14083324,FALSE
6,E02,hFB1 - 1uM aphidicolin,33.79,0.81,26.36,0,482,14083324,FALSE
6,E03,hFB1 - 1uM aphidicolin,33.79,16.86,33.54,0,482,14083324,FALSE
6,E04,hFB1 - 1uM aphidicolin,33.79,17.18,31.68,0,482,14083324,FALSE
6,E05,hFB1 - 1uM aphidicolin,33.79,18.11,32.67,0,482,14083324,FALSE
6,E06,hFB1 - 1uM aphidicolin,33.79,16.55,33.03,0,482,10921638,TRUE
6,E07,hFB1 - 1uM aphidicolin,33.79,16.97,30.83,0,482,14083324,FALSE
6,E08,hFB1 - 1uM aphidicolin,33.79,15,33.72,0,482,14083324,FALSE
6,E09,hFB1 - 1uM aphidicolin,33.79,-38,27.35,0,482,10921638,TRUE
6,E10,hFB1 - 1uM aphidicolin,33.79,15.32,30.21,0,482,14083324,FALSE
6,E11,hFB1 - 1uM aphidicolin,33.79,22.18,30.9,0,482,10921638,TRUE
6,E12,hFB1 - 1uM aphidicolin,33.79,13.97,26.24,0,482,14083324,FALSE
6,F01,hFB2 - 1uM aphidicolin,33.79,20.54,37.36,0,482,14083324,FALSE
6,F02,hFB2 - 1uM aphidicolin,33.79,27.38,37.98,0,482,14083324,FALSE
6,F03,hFB2 - 1uM aphidicolin,33.79,17.01,38.14,0,482,10921638,TRUE
6,F04,hFB2 - 1uM aphidicolin,33.79,0.21,25.43,0,482,10921638,TRUE
6,F05,hFB2 - 1uM aphidicolin,33.79,-5.72,25.96,0,482,10921638,TRUE
6,F06,hFB2 - 1uM aphidicolin,33.79,22.77,32.84,0,482,14083324,FALSE
6,F07,hFB2 - 1uM aphidicolin,33.79,3.87,25.26,0,482,14083324,FALSE
6,F08,hFB2 - 1uM aphidicolin,33.79,21.81,30.19,0,482,14083324,FALSE
6,F09,hFB2 - 1uM aphidicolin,33.79,136.23,36.59,0,482,10921638,TRUE
6,F10,hFB2 - 1uM aphidicolin,33.79,107.16,31.02,0,482,10921638,TRUE
6,F11,hFB2 - 1uM aphidicolin,33.79,23.21,31.91,0,482,10921638,TRUE
6,F12,hFB2 - 1uM aphidicolin,33.79,21.43,36.05,0,482,14083324,FALSE
6,G01,hFB1 -  Contact Inhibition,33.79,7.16,12.43,0,482,14083324,FALSE
6,G02,hFB1 -  Contact Inhibition,33.79,-26.37,11.01,0,482,10921638,TRUE
6,G03,hFB1 -  Contact Inhibition,33.79,12.78,14.84,0,482,14083324,FALSE
6,G04,hFB1 -  Contact Inhibition,33.79,5.71,13.07,0,482,10921638,TRUE
6,G05,hFB1 -  Contact Inhibition,33.79,7.58,10.33,0,482,14083324,FALSE
6,G06,hFB1 -  Contact Inhibition,33.79,7.23,11.55,0,482,14083324,FALSE
6,G07,hFB1 -  Contact Inhibition,33.79,-24.07,10.48,0,482,10921638,TRUE
6,G08,hFB1 -  Contact Inhibition,33.79,6.77,13.63,0,482,14083324,FALSE
6,G09,hFB1 -  Contact Inhibition,33.79,8.58,14.44,0,482,14083324,FALSE
6,G10,hFB1 -  Contact Inhibition,33.79,9.95,19.44,0,482,10921638,TRUE
6,G11,hFB1 -  Contact Inhibition,33.79,10.97,12.68,0,482,14083324,FALSE
6,G12,hFB1 -  Contact Inhibition,33.79,12.87,14.57,0,482,10921638,TRUE
6,H01,Background,33.79,0,0,0,482,14083324,FALSE
6,H02,hFB2 - Contact Inhibition,33.79,10.99,15.45,0,482,14083324,FALSE
6,H03,hFB2 - Contact Inhibition,33.79,-28.29,15.45,0,482,10921638,TRUE
6,H04,hFB2 - Contact Inhibition,33.79,1.19,11.29,0,482,10921638,TRUE
6,H05,hFB2 - Contact Inhibition,33.79,11.47,18.57,0,482,14083324,FALSE
6,H06,hFB2 - Contact Inhibition,33.79,10.04,16.52,0,482,14083324,FALSE
6,H07,hFB2 - Contact Inhibition,33.79,-42.98,14.55,0,482,10921638,TRUE
6,H08,hFB2 - Contact Inhibition,33.79,10.71,14.49,0,482,14083324,FALSE
6,H09,hFB2 - Contact Inhibition,33.79,10.36,18.62,0,482,14083324,FALSE
6,H10,hFB2 - Contact Inhibition,33.79,7.71,9.34,0,482,10921638,TRUE
6,H11,hFB2 - Contact Inhibition,33.79,14.63,15.15,0,482,14083324,FALSE
6,H12,Background,33.79,0,0,0,482,14083324,FALSE
7,A01,Background,40.36,0,0,0,578,14083324,FALSE
7,A02,hFB1 - Ctrl  - 21% O2,40.36,64.99,24.22,0,578,14083324,FALSE
7,A03,hFB1 - Ctrl  - 21% O2,40.36,4.86,18.01,0,578,10921638,TRUE
7,A04,hFB1 - Ctrl  - 21% O2,40.36,9.48,20.16,0,578,10921638,TRUE
7,A05,hFB1 - Ctrl  - 21% O2,40.36,15.45,24.29,0,578,10921638,TRUE
7,A06,hFB1 - Ctrl  - 21% O2,40.36,2248.87,794.14,0,578,10921638,TRUE
7,A07,hFB1 - Ctrl  - 21% O2,40.36,941.45,75.8,0,578,10921638,TRUE
7,A08,hFB1 - Ctrl  - 21% O2,40.36,74.21,23.26,0,578,14083324,FALSE
7,A09,hFB1 - Ctrl  - 21% O2,40.36,62.28,19.22,0,578,14083324,FALSE
7,A10,hFB1 - Ctrl  - 21% O2,40.36,49.32,20.83,0,578,10921638,TRUE
7,A11,hFB1 - Ctrl  - 21% O2,40.36,14.16,23.18,0,578,10921638,TRUE
7,A12,Background,40.36,0,0,0,578,14083324,FALSE
7,B01,hFB2 - Ctrl - 21% O2,40.36,56.25,18.17,0,578,14083324,FALSE
7,B02,hFB2 - Ctrl - 21% O2,40.36,58.15,13.85,0,578,14083324,FALSE
7,B03,hFB2 - Ctrl - 21% O2,40.36,4.54,10.91,0,578,10921638,TRUE
7,B04,hFB2 - Ctrl - 21% O2,40.36,3.14,6.78,0,578,10921638,TRUE
7,B05,hFB2 - Ctrl - 21% O2,40.36,50.16,16.21,0,578,14083324,FALSE
7,B06,hFB2 - Ctrl - 21% O2,40.36,61.9,15.07,0,578,14083324,FALSE
7,B07,hFB2 - Ctrl - 21% O2,40.36,60.5,12.6,0,578,14083324,FALSE
7,B08,hFB2 - Ctrl - 21% O2,40.36,49.82,15.52,0,578,14083324,FALSE
7,B09,hFB2 - Ctrl - 21% O2,40.36,58.21,13.38,0,578,14083324,FALSE
7,B10,hFB2 - Ctrl - 21% O2,40.36,7.78,14.45,0,578,10921638,TRUE
7,B11,hFB2 - Ctrl - 21% O2,40.36,56.02,12.84,0,578,14083324,FALSE
7,B12,hFB2 - Ctrl - 21% O2,40.36,10.32,11.57,0,578,10921638,TRUE
7,C01,hFB1 - serum-free media,40.36,62.2,18.51,0,578,14083324,FALSE
7,C02,hFB1 - serum-free media,40.36,44.78,12.93,0,578,14083324,FALSE
7,C03,hFB1 - serum-free media,40.36,-41.19,13.34,0,578,10921638,TRUE
7,C04,hFB1 - serum-free media,40.36,43.99,15.13,0,578,14083324,FALSE
7,C05,hFB1 - serum-free media,40.36,6.66,12.9,0,578,10921638,TRUE
7,C06,hFB1 - serum-free media,40.36,63.09,13.33,0,578,14083324,FALSE
7,C07,hFB1 - serum-free media,40.36,48.38,14.89,0,578,14083324,FALSE
7,C08,hFB1 - serum-free media,40.36,46.77,14.27,0,578,14083324,FALSE
7,C09,hFB1 - serum-free media,40.36,57.94,19.97,0,578,14083324,FALSE
7,C10,hFB1 - serum-free media,40.36,53.97,18.05,0,578,14083324,FALSE
7,C11,hFB1 - serum-free media,40.36,52.82,17.7,0,578,14083324,FALSE
7,C12,hFB1 - serum-free media,40.36,5.59,12.34,0,578,10921638,TRUE
7,D01,hFB2 - serum-free media,40.36,67.19,22.18,0,578,14083324,FALSE
7,D02,hFB2 - serum-free media,40.36,67.41,18.47,0,578,14083324,FALSE
7,D03,hFB2 - serum-free media,40.36,-65.11,12.2,0,578,10921638,TRUE
7,D04,hFB2 - serum-free media,40.36,59.59,18.59,0,578,14083324,FALSE
7,D05,hFB2 - serum-free media,40.36,7.26,17.82,0,578,10921638,TRUE
7,D06,hFB2 - serum-free media,40.36,6.78,13.15,0,578,10921638,TRUE
7,D07,hFB2 - serum-free media,40.36,33.04,15.79,0,578,10921638,TRUE
7,D08,hFB2 - serum-free media,40.36,62.52,17.48,0,578,14083324,FALSE
7,D09,hFB2 - serum-free media,40.36,64.56,18.08,0,578,14083324,FALSE
7,D10,hFB2 - serum-free media,40.36,6.67,18.98,0,578,10921638,TRUE
7,D11,hFB2 - serum-free media,40.36,12.17,15.4,0,578,10921638,TRUE
7,D12,hFB2 - serum-free media,40.36,-23.53,14.63,0,578,10921638,TRUE
7,E01,hFB1 - 1uM aphidicolin,40.36,102.18,34.64,0,578,14083324,FALSE
7,E02,hFB1 - 1uM aphidicolin,40.36,74.42,30.9,0,578,14083324,FALSE
7,E03,hFB1 - 1uM aphidicolin,40.36,87.29,38.28,0,578,14083324,FALSE
7,E04,hFB1 - 1uM aphidicolin,40.36,75.22,38.47,0,578,14083324,FALSE
7,E05,hFB1 - 1uM aphidicolin,40.36,83.44,39.32,0,578,14083324,FALSE
7,E06,hFB1 - 1uM aphidicolin,40.36,54.68,35.97,0,578,10921638,TRUE
7,E07,hFB1 - 1uM aphidicolin,40.36,77.77,36,0,578,14083324,FALSE
7,E08,hFB1 - 1uM aphidicolin,40.36,66.11,40.79,0,578,14083324,FALSE
7,E09,hFB1 - 1uM aphidicolin,40.36,56.89,30.63,0,578,10921638,TRUE
7,E10,hFB1 - 1uM aphidicolin,40.36,84.3,34.3,0,578,14083324,FALSE
7,E11,hFB1 - 1uM aphidicolin,40.36,18.54,32.43,0,578,10921638,TRUE
7,E12,hFB1 - 1uM aphidicolin,40.36,89.31,32.38,0,578,14083324,FALSE
7,F01,hFB2 - 1uM aphidicolin,40.36,134.01,40.51,0,578,14083324,FALSE
7,F02,hFB2 - 1uM aphidicolin,40.36,149.06,42.02,0,578,14083324,FALSE
7,F03,hFB2 - 1uM aphidicolin,40.36,14.67,34.14,0,578,10921638,TRUE
7,F04,hFB2 - 1uM aphidicolin,40.36,1.1,24.62,0,578,10921638,TRUE
7,F05,hFB2 - 1uM aphidicolin,40.36,115.27,29.67,0,578,10921638,TRUE
7,F06,hFB2 - 1uM aphidicolin,40.36,125.36,34.73,0,578,14083324,FALSE
7,F07,hFB2 - 1uM aphidicolin,40.36,115.17,28.15,0,578,14083324,FALSE
7,F08,hFB2 - 1uM aphidicolin,40.36,119.95,35.29,0,578,14083324,FALSE
7,F09,hFB2 - 1uM aphidicolin,40.36,115.51,36.77,0,578,10921638,TRUE
7,F10,hFB2 - 1uM aphidicolin,40.36,20.53,31.54,0,578,10921638,TRUE
7,F11,hFB2 - 1uM aphidicolin,40.36,16.78,34.69,0,578,10921638,TRUE
7,F12,hFB2 - 1uM aphidicolin,40.36,115.23,44.27,0,578,14083324,FALSE
7,G01,hFB1 -  Contact Inhibition,40.36,47.92,13.27,0,578,14083324,FALSE
7,G02,hFB1 -  Contact Inhibition,40.36,33.65,11.72,0,578,10921638,TRUE
7,G03,hFB1 -  Contact Inhibition,40.36,59.39,15.21,0,578,14083324,FALSE
7,G04,hFB1 -  Contact Inhibition,40.36,5.89,12.82,0,578,10921638,TRUE
7,G05,hFB1 -  Contact Inhibition,40.36,52.35,11.21,0,578,14083324,FALSE
7,G06,hFB1 -  Contact Inhibition,40.36,51.27,12.05,0,578,14083324,FALSE
7,G07,hFB1 -  Contact Inhibition,40.36,28.08,10.7,0,578,10921638,TRUE
7,G08,hFB1 -  Contact Inhibition,40.36,53.94,15.27,0,578,14083324,FALSE
7,G09,hFB1 -  Contact Inhibition,40.36,50.91,14.58,0,578,14083324,FALSE
7,G10,hFB1 -  Contact Inhibition,40.36,9.22,18.38,0,578,10921638,TRUE
7,G11,hFB1 -  Contact Inhibition,40.36,53.99,13.51,0,578,14083324,FALSE
7,G12,hFB1 -  Contact Inhibition,40.36,11.9,16.87,0,578,10921638,TRUE
7,H01,Background,40.36,0,0,0,578,14083324,FALSE
7,H02,hFB2 - Contact Inhibition,40.36,57.32,19.78,0,578,14083324,FALSE
7,H03,hFB2 - Contact Inhibition,40.36,23.42,17.33,0,578,10921638,TRUE
7,H04,hFB2 - Contact Inhibition,40.36,2.55,9.8,0,578,10921638,TRUE
7,H05,hFB2 - Contact Inhibition,40.36,59.21,22.92,0,578,14083324,FALSE
7,H06,hFB2 - Contact Inhibition,40.36,51.7,17.64,0,578,14083324,FALSE
7,H07,hFB2 - Contact Inhibition,40.36,11.58,14.07,0,578,10921638,TRUE
7,H08,hFB2 - Contact Inhibition,40.36,54.02,17.71,0,578,14083324,FALSE
7,H09,hFB2 - Contact Inhibition,40.36,47.84,19.95,0,578,14083324,FALSE
7,H10,hFB2 - Contact Inhibition,40.36,27.42,11.37,0,578,10921638,TRUE
7,H11,hFB2 - Contact Inhibition,40.36,56.46,18.03,0,578,14083324,FALSE
7,H12,Background,40.36,0,0,0,578,14083324,FALSE
8,A01,Background,46.84,0,0,0,674,14083324,FALSE
8,A02,hFB1 - Ctrl  - 21% O2,46.84,70,23.71,0,674,14083324,FALSE
8,A03,hFB1 - Ctrl  - 21% O2,46.84,6.4,19.68,0,674,10921638,TRUE
8,A04,hFB1 - Ctrl  - 21% O2,46.84,8.84,21.68,0,674,10921638,TRUE
8,A05,hFB1 - Ctrl  - 21% O2,46.84,12.66,30.51,0,674,10921638,TRUE
8,A06,hFB1 - Ctrl  - 21% O2,46.84,2355.44,1148.29,0,674,10921638,TRUE
8,A07,hFB1 - Ctrl  - 21% O2,46.84,855.39,90.56,0,674,10921638,TRUE
8,A08,hFB1 - Ctrl  - 21% O2,46.84,74.35,23.91,0,674,14083324,FALSE
8,A09,hFB1 - Ctrl  - 21% O2,46.84,67.05,19.26,0,674,14083324,FALSE
8,A10,hFB1 - Ctrl  - 21% O2,46.84,20.67,21.81,0,674,10921638,TRUE
8,A11,hFB1 - Ctrl  - 21% O2,46.84,13.55,33.02,0,674,10921638,TRUE
8,A12,Background,46.84,0,0,0,674,14083324,FALSE
8,B01,hFB2 - Ctrl - 21% O2,46.84,57.51,18.73,0,674,14083324,FALSE
8,B02,hFB2 - Ctrl - 21% O2,46.84,59.16,15.02,0,674,14083324,FALSE
8,B03,hFB2 - Ctrl - 21% O2,46.84,4.39,13.95,0,674,10921638,TRUE
8,B04,hFB2 - Ctrl - 21% O2,46.84,2,10.37,0,674,10921638,TRUE
8,B05,hFB2 - Ctrl - 21% O2,46.84,53.73,16.34,0,674,14083324,FALSE
8,B06,hFB2 - Ctrl - 21% O2,46.84,61.26,16.15,0,674,14083324,FALSE
8,B07,hFB2 - Ctrl - 21% O2,46.84,57.51,15.07,0,674,14083324,FALSE
8,B08,hFB2 - Ctrl - 21% O2,46.84,52.72,16.33,0,674,14083324,FALSE
8,B09,hFB2 - Ctrl - 21% O2,46.84,58.2,16.11,0,674,14083324,FALSE
8,B10,hFB2 - Ctrl - 21% O2,46.84,7.23,16.68,0,674,10921638,TRUE
8,B11,hFB2 - Ctrl - 21% O2,46.84,57.29,14.19,0,674,14083324,FALSE
8,B12,hFB2 - Ctrl - 21% O2,46.84,9.35,13.35,0,674,10921638,TRUE
8,C01,hFB1 - serum-free media,46.84,60.32,20.02,0,674,14083324,FALSE
8,C02,hFB1 - serum-free media,46.84,39.49,14.07,0,674,14083324,FALSE
8,C03,hFB1 - serum-free media,46.84,-40.43,13.85,0,674,10921638,TRUE
8,C04,hFB1 - serum-free media,46.84,38.92,16.74,0,674,14083324,FALSE
8,C05,hFB1 - serum-free media,46.84,6.58,14.07,0,674,10921638,TRUE
8,C06,hFB1 - serum-free media,46.84,61.6,15.61,0,674,14083324,FALSE
8,C07,hFB1 - serum-free media,46.84,12.96,14.98,0,674,14083324,FALSE
8,C08,hFB1 - serum-free media,46.84,51.02,14.64,0,674,14083324,FALSE
8,C09,hFB1 - serum-free media,46.84,59.5,19.54,0,674,14083324,FALSE
8,C10,hFB1 - serum-free media,46.84,44.7,19.38,0,674,14083324,FALSE
8,C11,hFB1 - serum-free media,46.84,50.39,18.25,0,674,14083324,FALSE
8,C12,hFB1 - serum-free media,46.84,5.73,14.4,0,674,10921638,TRUE
8,D01,hFB2 - serum-free media,46.84,64.06,23.09,0,674,14083324,FALSE
8,D02,hFB2 - serum-free media,46.84,64.53,20.2,0,674,14083324,FALSE
8,D03,hFB2 - serum-free media,46.84,-65.29,15.47,0,674,10921638,TRUE
8,D04,hFB2 - serum-free media,46.84,59.34,19.22,0,674,14083324,FALSE
8,D05,hFB2 - serum-free media,46.84,6.5,19.17,0,674,10921638,TRUE
8,D06,hFB2 - serum-free media,46.84,5.12,16.13,0,674,10921638,TRUE
8,D07,hFB2 - serum-free media,46.84,30.17,17.03,0,674,10921638,TRUE
8,D08,hFB2 - serum-free media,46.84,61.16,19.95,0,674,14083324,FALSE
8,D09,hFB2 - serum-free media,46.84,62.74,19.38,0,674,14083324,FALSE
8,D10,hFB2 - serum-free media,46.84,7.03,17.69,0,674,10921638,TRUE
8,D11,hFB2 - serum-free media,46.84,10.77,17.39,0,674,10921638,TRUE
8,D12,hFB2 - serum-free media,46.84,-22.95,15.58,0,674,10921638,TRUE
8,E01,hFB1 - 1uM aphidicolin,46.84,108.56,37.79,0,674,14083324,FALSE
8,E02,hFB1 - 1uM aphidicolin,46.84,81.99,32.08,0,674,14083324,FALSE
8,E03,hFB1 - 1uM aphidicolin,46.84,88.24,40.08,0,674,14083324,FALSE
8,E04,hFB1 - 1uM aphidicolin,46.84,80.79,37.96,0,674,14083324,FALSE
8,E05,hFB1 - 1uM aphidicolin,46.84,92.17,39.05,0,674,14083324,FALSE
8,E06,hFB1 - 1uM aphidicolin,46.84,23.13,35.71,0,674,10921638,TRUE
8,E07,hFB1 - 1uM aphidicolin,46.84,84.01,37.67,0,674,14083324,FALSE
8,E08,hFB1 - 1uM aphidicolin,46.84,73.44,39.95,0,674,14083324,FALSE
8,E09,hFB1 - 1uM aphidicolin,46.84,66.84,33.51,0,674,10921638,TRUE
8,E10,hFB1 - 1uM aphidicolin,46.84,92.34,36.67,0,674,14083324,FALSE
8,E11,hFB1 - 1uM aphidicolin,46.84,15.78,35.35,0,674,10921638,TRUE
8,E12,hFB1 - 1uM aphidicolin,46.84,98.33,35.91,0,674,14083324,FALSE
8,F01,hFB2 - 1uM aphidicolin,46.84,137.6,46.29,0,674,14083324,FALSE
8,F02,hFB2 - 1uM aphidicolin,46.84,153.55,49.34,0,674,14083324,FALSE
8,F03,hFB2 - 1uM aphidicolin,46.84,14.95,42.55,0,674,10921638,TRUE
8,F04,hFB2 - 1uM aphidicolin,46.84,1.2,31.13,0,674,10921638,TRUE
8,F05,hFB2 - 1uM aphidicolin,46.84,119.78,34.68,0,674,10921638,TRUE
8,F06,hFB2 - 1uM aphidicolin,46.84,125.4,42.3,0,674,14083324,FALSE
8,F07,hFB2 - 1uM aphidicolin,46.84,123.41,32.99,0,674,14083324,FALSE
8,F08,hFB2 - 1uM aphidicolin,46.84,123.65,40.85,0,674,14083324,FALSE
8,F09,hFB2 - 1uM aphidicolin,46.84,118.07,38.27,0,674,10921638,TRUE
8,F10,hFB2 - 1uM aphidicolin,46.84,19.64,33.51,0,674,10921638,TRUE
8,F11,hFB2 - 1uM aphidicolin,46.84,16.64,36.38,0,674,10921638,TRUE
8,F12,hFB2 - 1uM aphidicolin,46.84,124.84,47.45,0,674,14083324,FALSE
8,G01,hFB1 -  Contact Inhibition,46.84,42.83,14.38,0,674,14083324,FALSE
8,G02,hFB1 -  Contact Inhibition,46.84,27.29,13.54,0,674,10921638,TRUE
8,G03,hFB1 -  Contact Inhibition,46.84,57.32,17.1,0,674,14083324,FALSE
8,G04,hFB1 -  Contact Inhibition,46.84,6.1,14.3,0,674,10921638,TRUE
8,G05,hFB1 -  Contact Inhibition,46.84,25.9,11.86,0,674,14083324,FALSE
8,G06,hFB1 -  Contact Inhibition,46.84,50.42,13.86,0,674,14083324,FALSE
8,G07,hFB1 -  Contact Inhibition,46.84,22.85,11.75,0,674,10921638,TRUE
8,G08,hFB1 -  Contact Inhibition,46.84,53.61,16.84,0,674,14083324,FALSE
8,G09,hFB1 -  Contact Inhibition,46.84,48.14,15.94,0,674,14083324,FALSE
8,G10,hFB1 -  Contact Inhibition,46.84,7.65,20.87,0,674,10921638,TRUE
8,G11,hFB1 -  Contact Inhibition,46.84,52.94,15.53,0,674,14083324,FALSE
8,G12,hFB1 -  Contact Inhibition,46.84,11.06,15.82,0,674,10921638,TRUE
8,H01,Background,46.84,0,0,0,674,14083324,FALSE
8,H02,hFB2 - Contact Inhibition,46.84,54.49,18.84,0,674,14083324,FALSE
8,H03,hFB2 - Contact Inhibition,46.84,18.35,17.88,0,674,10921638,TRUE
8,H04,hFB2 - Contact Inhibition,46.84,-0.51,11.42,0,674,10921638,TRUE
8,H05,hFB2 - Contact Inhibition,46.84,54.54,22.31,0,674,14083324,FALSE
8,H06,hFB2 - Contact Inhibition,46.84,48.84,18.46,0,674,14083324,FALSE
8,H07,hFB2 - Contact Inhibition,46.84,9.7,16.1,0,674,10921638,TRUE
8,H08,hFB2 - Contact Inhibition,46.84,53.25,18.18,0,674,14083324,FALSE
8,H09,hFB2 - Contact Inhibition,46.84,46,20.64,0,674,14083324,FALSE
8,H10,hFB2 - Contact Inhibition,46.84,33.56,12.33,0,674,10921638,TRUE
8,H11,hFB2 - Contact Inhibition,46.84,54.72,18.18,0,674,14083324,FALSE
8,H12,Background,46.84,0,0,0,674,14083324,FALSE
9,A01,Background,53.32,0,0,0,770,14083324,FALSE
9,A02,hFB1 - Ctrl  - 21% O2,53.32,71.07,22.97,0,770,14083324,FALSE
9,A03,hFB1 - Ctrl  - 21% O2,53.32,6.08,19.35,0,770,10921638,TRUE
9,A04,hFB1 - Ctrl  - 21% O2,53.32,8.93,21.78,0,770,10921638,TRUE
9,A05,hFB1 - Ctrl  - 21% O2,53.32,13.81,31,0,770,10921638,TRUE
9,A06,hFB1 - Ctrl  - 21% O2,53.32,2496.61,1362.75,0,770,10921638,TRUE
9,A07,hFB1 - Ctrl  - 21% O2,53.32,829.03,99.03,0,770,10921638,TRUE
9,A08,hFB1 - Ctrl  - 21% O2,53.32,73.73,23.34,0,770,14083324,FALSE
9,A09,hFB1 - Ctrl  - 21% O2,53.32,68.13,18.18,0,770,14083324,FALSE
9,A10,hFB1 - Ctrl  - 21% O2,53.32,12.35,21.81,0,770,10921638,TRUE
9,A11,hFB1 - Ctrl  - 21% O2,53.32,13.21,33.79,0,770,10921638,TRUE
9,A12,Background,53.32,0,0,0,770,14083324,FALSE
9,B01,hFB2 - Ctrl - 21% O2,53.32,58.79,18.2,0,770,14083324,FALSE
9,B02,hFB2 - Ctrl - 21% O2,53.32,59.35,15.37,0,770,14083324,FALSE
9,B03,hFB2 - Ctrl - 21% O2,53.32,4.63,15.26,0,770,10921638,TRUE
9,B04,hFB2 - Ctrl - 21% O2,53.32,2.12,10.93,0,770,10921638,TRUE
9,B05,hFB2 - Ctrl - 21% O2,53.32,52.64,15.94,0,770,14083324,FALSE
9,B06,hFB2 - Ctrl - 21% O2,53.32,61.81,16.06,0,770,14083324,FALSE
9,B07,hFB2 - Ctrl - 21% O2,53.32,58.02,15.77,0,770,14083324,FALSE
9,B08,hFB2 - Ctrl - 21% O2,53.32,54.06,16.85,0,770,14083324,FALSE
9,B09,hFB2 - Ctrl - 21% O2,53.32,58.26,15.95,0,770,14083324,FALSE
9,B10,hFB2 - Ctrl - 21% O2,53.32,6.47,17.11,0,770,10921638,TRUE
9,B11,hFB2 - Ctrl - 21% O2,53.32,58.24,14.79,0,770,14083324,FALSE
9,B12,hFB2 - Ctrl - 21% O2,53.32,7.96,14,0,770,10921638,TRUE
9,C01,hFB1 - serum-free media,53.32,60.83,20.3,0,770,14083324,FALSE
9,C02,hFB1 - serum-free media,53.32,17.56,14.26,0,770,14083324,FALSE
9,C03,hFB1 - serum-free media,53.32,-41.33,14.39,0,770,10921638,TRUE
9,C04,hFB1 - serum-free media,53.32,34.23,16.97,0,770,14083324,FALSE
9,C05,hFB1 - serum-free media,53.32,6.63,14.75,0,770,10921638,TRUE
9,C06,hFB1 - serum-free media,53.32,61.37,16.47,0,770,14083324,FALSE
9,C07,hFB1 - serum-free media,53.32,7.56,15.71,0,770,14083324,FALSE
9,C08,hFB1 - serum-free media,53.32,53.31,15.01,0,770,14083324,FALSE
9,C09,hFB1 - serum-free media,53.32,61.07,19.92,0,770,14083324,FALSE
9,C10,hFB1 - serum-free media,53.32,31.21,19.97,0,770,14083324,FALSE
9,C11,hFB1 - serum-free media,53.32,40.4,18.38,0,770,14083324,FALSE
9,C12,hFB1 - serum-free media,53.32,5.29,14.79,0,770,10921638,TRUE
9,D01,hFB2 - serum-free media,53.32,66.08,22.62,0,770,14083324,FALSE
9,D02,hFB2 - serum-free media,53.32,67.06,20.11,0,770,14083324,FALSE
9,D03,hFB2 - serum-free media,53.32,-66.14,15.9,0,770,10921638,TRUE
9,D04,hFB2 - serum-free media,53.32,59.4,19.26,0,770,14083324,FALSE
9,D05,hFB2 - serum-free media,53.32,7.47,19.65,0,770,10921638,TRUE
9,D06,hFB2 - serum-free media,53.32,5.06,17.1,0,770,10921638,TRUE
9,D07,hFB2 - serum-free media,53.32,25.77,16.93,0,770,10921638,TRUE
9,D08,hFB2 - serum-free media,53.32,62.53,20.13,0,770,14083324,FALSE
9,D09,hFB2 - serum-free media,53.32,63.66,19.73,0,770,14083324,FALSE
9,D10,hFB2 - serum-free media,53.32,6.8,18.57,0,770,10921638,TRUE
9,D11,hFB2 - serum-free media,53.32,10.87,17.31,0,770,10921638,TRUE
9,D12,hFB2 - serum-free media,53.32,-24.14,16.01,0,770,10921638,TRUE
9,E01,hFB1 - 1uM aphidicolin,53.32,112.19,37.97,0,770,14083324,FALSE
9,E02,hFB1 - 1uM aphidicolin,53.32,89.23,32.51,0,770,14083324,FALSE
9,E03,hFB1 - 1uM aphidicolin,53.32,90.85,40.22,0,770,14083324,FALSE
9,E04,hFB1 - 1uM aphidicolin,53.32,85.59,37.42,0,770,14083324,FALSE
9,E05,hFB1 - 1uM aphidicolin,53.32,98.46,38.98,0,770,14083324,FALSE
9,E06,hFB1 - 1uM aphidicolin,53.32,16.75,35.84,0,770,10921638,TRUE
9,E07,hFB1 - 1uM aphidicolin,53.32,89.32,38.28,0,770,14083324,FALSE
9,E08,hFB1 - 1uM aphidicolin,53.32,77.32,40.02,0,770,14083324,FALSE
9,E09,hFB1 - 1uM aphidicolin,53.32,72.28,33.71,0,770,10921638,TRUE
9,E10,hFB1 - 1uM aphidicolin,53.32,94.47,37.09,0,770,14083324,FALSE
9,E11,hFB1 - 1uM aphidicolin,53.32,15.06,35.37,0,770,10921638,TRUE
9,E12,hFB1 - 1uM aphidicolin,53.32,102.68,35.67,0,770,14083324,FALSE
9,F01,hFB2 - 1uM aphidicolin,53.32,141.46,46.21,0,770,14083324,FALSE
9,F02,hFB2 - 1uM aphidicolin,53.32,155.01,50.04,0,770,14083324,FALSE
9,F03,hFB2 - 1uM aphidicolin,53.32,13.93,42.27,0,770,10921638,TRUE
9,F04,hFB2 - 1uM aphidicolin,53.32,0.7,31.45,0,770,10921638,TRUE
9,F05,hFB2 - 1uM aphidicolin,53.32,123.21,34.56,0,770,10921638,TRUE
9,F06,hFB2 - 1uM aphidicolin,53.32,126.51,42.88,0,770,14083324,FALSE
9,F07,hFB2 - 1uM aphidicolin,53.32,123.37,33.8,0,770,14083324,FALSE
9,F08,hFB2 - 1uM aphidicolin,53.32,125.51,41.01,0,770,14083324,FALSE
9,F09,hFB2 - 1uM aphidicolin,53.32,117.67,38.63,0,770,10921638,TRUE
9,F10,hFB2 - 1uM aphidicolin,53.32,18.91,34.05,0,770,10921638,TRUE
9,F11,hFB2 - 1uM aphidicolin,53.32,15.96,36.9,0,770,10921638,TRUE
9,F12,hFB2 - 1uM aphidicolin,53.32,131.06,46.78,0,770,14083324,FALSE
9,G01,hFB1 -  Contact Inhibition,53.32,43.67,14.55,0,770,14083324,FALSE
9,G02,hFB1 -  Contact Inhibition,53.32,27.65,13.61,0,770,10921638,TRUE
9,G03,hFB1 -  Contact Inhibition,53.32,57.43,17.28,0,770,14083324,FALSE
9,G04,hFB1 -  Contact Inhibition,53.32,6.45,14.96,0,770,10921638,TRUE
9,G05,hFB1 -  Contact Inhibition,53.32,11.06,11.61,0,770,14083324,FALSE
9,G06,hFB1 -  Contact Inhibition,53.32,51.36,14.29,0,770,14083324,FALSE
9,G07,hFB1 -  Contact Inhibition,53.32,22.77,12.35,0,770,10921638,TRUE
9,G08,hFB1 -  Contact Inhibition,53.32,54.84,17.66,0,770,14083324,FALSE
9,G09,hFB1 -  Contact Inhibition,53.32,49.52,16.3,0,770,14083324,FALSE
9,G10,hFB1 -  Contact Inhibition,53.32,7.65,21.3,0,770,10921638,TRUE
9,G11,hFB1 -  Contact Inhibition,53.32,53.09,15.34,0,770,14083324,FALSE
9,G12,hFB1 -  Contact Inhibition,53.32,11.26,15.38,0,770,10921638,TRUE
9,H01,Background,53.32,0,0,0,770,14083324,FALSE
9,H02,hFB2 - Contact Inhibition,53.32,54.91,17.7,0,770,14083324,FALSE
9,H03,hFB2 - Contact Inhibition,53.32,20.44,17.68,0,770,10921638,TRUE
9,H04,hFB2 - Contact Inhibition,53.32,-0.48,11.34,0,770,10921638,TRUE
9,H05,hFB2 - Contact Inhibition,53.32,53.49,21.92,0,770,14083324,FALSE
9,H06,hFB2 - Contact Inhibition,53.32,50.76,17.9,0,770,14083324,FALSE
9,H07,hFB2 - Contact Inhibition,53.32,10.33,16.11,0,770,10921638,TRUE
9,H08,hFB2 - Contact Inhibition,53.32,53.66,16.54,0,770,14083324,FALSE
9,H09,hFB2 - Contact Inhibition,53.32,46.84,20.18,0,770,14083324,FALSE
9,H10,hFB2 - Contact Inhibition,53.32,35.74,10.82,0,770,10921638,TRUE
9,H11,hFB2 - Contact Inhibition,53.32,54.57,17.79,0,770,14083324,FALSE
9,H12,Background,53.32,0,0,0,770,14083324,FALSE
10,A01,Background,59.88,0,0,0,866,14083324,FALSE
10,A02,hFB1 - Ctrl  - 21% O2,59.88,11.07,20.26,0,866,14083324,FALSE
10,A03,hFB1 - Ctrl  - 21% O2,59.88,5.51,18.69,0,866,10921638,TRUE
10,A04,hFB1 - Ctrl  - 21% O2,59.88,8.82,21.79,0,866,10921638,TRUE
10,A05,hFB1 - Ctrl  - 21% O2,59.88,15.25,31.45,0,866,10921638,TRUE
10,A06,hFB1 - Ctrl  - 21% O2,59.88,1379.23,991.02,0,866,10921638,TRUE
10,A07,hFB1 - Ctrl  - 21% O2,59.88,61.51,83.15,0,866,10921638,TRUE
10,A08,hFB1 - Ctrl  - 21% O2,59.88,12.62,20.72,0,866,14083324,FALSE
10,A09,hFB1 - Ctrl  - 21% O2,59.88,9.54,16.69,0,866,14083324,FALSE
10,A10,hFB1 - Ctrl  - 21% O2,59.88,10.55,21.31,0,866,10921638,TRUE
10,A11,hFB1 - Ctrl  - 21% O2,59.88,13.02,33.49,0,866,10921638,TRUE
10,A12,Background,59.88,0,0,0,866,14083324,FALSE
10,B01,hFB2 - Ctrl - 21% O2,59.88,7.96,17.8,0,866,14083324,FALSE
10,B02,hFB2 - Ctrl - 21% O2,59.88,9.71,14.34,0,866,14083324,FALSE
10,B03,hFB2 - Ctrl - 21% O2,59.88,4.21,15.21,0,866,10921638,TRUE
10,B04,hFB2 - Ctrl - 21% O2,59.88,3.33,10.62,0,866,10921638,TRUE
10,B05,hFB2 - Ctrl - 21% O2,59.88,8.15,15.58,0,866,14083324,FALSE
10,B06,hFB2 - Ctrl - 21% O2,59.88,8.02,15.67,0,866,14083324,FALSE
10,B07,hFB2 - Ctrl - 21% O2,59.88,6.46,14.49,0,866,14083324,FALSE
10,B08,hFB2 - Ctrl - 21% O2,59.88,4.69,14.88,0,866,14083324,FALSE
10,B09,hFB2 - Ctrl - 21% O2,59.88,8.31,14.27,0,866,14083324,FALSE
10,B10,hFB2 - Ctrl - 21% O2,59.88,6.39,16.49,0,866,10921638,TRUE
10,B11,hFB2 - Ctrl - 21% O2,59.88,10.42,12.56,0,866,14083324,FALSE
10,B12,hFB2 - Ctrl - 21% O2,59.88,7.97,13.2,0,866,10921638,TRUE
10,C01,hFB1 - serum-free media,59.88,9.35,19.64,0,866,14083324,FALSE
10,C02,hFB1 - serum-free media,59.88,6.01,15.42,0,866,14083324,FALSE
10,C03,hFB1 - serum-free media,59.88,-41.82,15.34,0,866,10921638,TRUE
10,C04,hFB1 - serum-free media,59.88,6.74,17.07,0,866,14083324,FALSE
10,C05,hFB1 - serum-free media,59.88,5.58,14.93,0,866,10921638,TRUE
10,C06,hFB1 - serum-free media,59.88,9.72,16.93,0,866,14083324,FALSE
10,C07,hFB1 - serum-free media,59.88,6.82,16.51,0,866,14083324,FALSE
10,C08,hFB1 - serum-free media,59.88,3.39,14.88,0,866,14083324,FALSE
10,C09,hFB1 - serum-free media,59.88,6.93,20.52,0,866,14083324,FALSE
10,C10,hFB1 - serum-free media,59.88,5.26,20.25,0,866,14083324,FALSE
10,C11,hFB1 - serum-free media,59.88,11.46,18.75,0,866,14083324,FALSE
10,C12,hFB1 - serum-free media,59.88,5.02,14.79,0,866,10921638,TRUE
10,D01,hFB2 - serum-free media,59.88,8.83,21.18,0,866,14083324,FALSE
10,D02,hFB2 - serum-free media,59.88,7.67,19.12,0,866,14083324,FALSE
10,D03,hFB2 - serum-free media,59.88,-65.41,14.87,0,866,10921638,TRUE
10,D04,hFB2 - serum-free media,59.88,7.53,17.46,0,866,14083324,FALSE
10,D05,hFB2 - serum-free media,59.88,6.26,19.63,0,866,10921638,TRUE
10,D06,hFB2 - serum-free media,59.88,5.12,16.35,0,866,10921638,TRUE
10,D07,hFB2 - serum-free media,59.88,-42.96,15.81,0,866,10921638,TRUE
10,D08,hFB2 - serum-free media,59.88,4.71,19.39,0,866,14083324,FALSE
10,D09,hFB2 - serum-free media,59.88,7.59,17.67,0,866,14083324,FALSE
10,D10,hFB2 - serum-free media,59.88,6.43,18.55,0,866,10921638,TRUE
10,D11,hFB2 - serum-free media,59.88,8.03,16.71,0,866,10921638,TRUE
10,D12,hFB2 - serum-free media,59.88,-24.43,15.6,0,866,10921638,TRUE
10,E01,hFB1 - 1uM aphidicolin,59.88,11.48,30.21,0,866,14083324,FALSE
10,E02,hFB1 - 1uM aphidicolin,59.88,-5.03,26.15,0,866,14083324,FALSE
10,E03,hFB1 - 1uM aphidicolin,59.88,12.74,34.03,0,866,14083324,FALSE
10,E04,hFB1 - 1uM aphidicolin,59.88,12.58,31.96,0,866,14083324,FALSE
10,E05,hFB1 - 1uM aphidicolin,59.88,13.06,33.43,0,866,14083324,FALSE
10,E06,hFB1 - 1uM aphidicolin,59.88,11.71,33.56,0,866,10921638,TRUE
10,E07,hFB1 - 1uM aphidicolin,59.88,13.44,31.45,0,866,14083324,FALSE
10,E08,hFB1 - 1uM aphidicolin,59.88,10.44,32.5,0,866,14083324,FALSE
10,E09,hFB1 - 1uM aphidicolin,59.88,-43.17,25.97,0,866,10921638,TRUE
10,E10,hFB1 - 1uM aphidicolin,59.88,12.02,29.08,0,866,14083324,FALSE
10,E11,hFB1 - 1uM aphidicolin,59.88,12.06,33.08,0,866,10921638,TRUE
10,E12,hFB1 - 1uM aphidicolin,59.88,10.24,28.26,0,866,14083324,FALSE
10,F01,hFB2 - 1uM aphidicolin,59.88,14.52,39.15,0,866,14083324,FALSE
10,F02,hFB2 - 1uM aphidicolin,59.88,21.85,43.09,0,866,14083324,FALSE
10,F03,hFB2 - 1uM aphidicolin,59.88,13.45,40.81,0,866,10921638,TRUE
10,F04,hFB2 - 1uM aphidicolin,59.88,-4.06,30.39,0,866,10921638,TRUE
10,F05,hFB2 - 1uM aphidicolin,59.88,-12.36,31.2,0,866,10921638,TRUE
10,F06,hFB2 - 1uM aphidicolin,59.88,16.26,37.58,0,866,14083324,FALSE
10,F07,hFB2 - 1uM aphidicolin,59.88,-2.25,30.03,0,866,14083324,FALSE
10,F08,hFB2 - 1uM aphidicolin,59.88,15.83,36.11,0,866,14083324,FALSE
10,F09,hFB2 - 1uM aphidicolin,59.88,20.96,35.05,0,866,10921638,TRUE
10,F10,hFB2 - 1uM aphidicolin,59.88,18.29,33.84,0,866,10921638,TRUE
10,F11,hFB2 - 1uM aphidicolin,59.88,14.44,36.45,0,866,10921638,TRUE
10,F12,hFB2 - 1uM aphidicolin,59.88,16.33,40.43,0,866,14083324,FALSE
10,G01,hFB1 -  Contact Inhibition,59.88,5.06,13.31,0,866,14083324,FALSE
10,G02,hFB1 -  Contact Inhibition,59.88,-29.05,12.59,0,866,10921638,TRUE
10,G03,hFB1 -  Contact Inhibition,59.88,12.04,15.89,0,866,14083324,FALSE
10,G04,hFB1 -  Contact Inhibition,59.88,4.95,14.69,0,866,10921638,TRUE
10,G05,hFB1 -  Contact Inhibition,59.88,5.56,11.54,0,866,14083324,FALSE
10,G06,hFB1 -  Contact Inhibition,59.88,6.57,12.37,0,866,14083324,FALSE
10,G07,hFB1 -  Contact Inhibition,59.88,-33.67,11.24,0,866,10921638,TRUE
10,G08,hFB1 -  Contact Inhibition,59.88,5.38,15.23,0,866,14083324,FALSE
10,G09,hFB1 -  Contact Inhibition,59.88,8.85,15.95,0,866,14083324,FALSE
10,G10,hFB1 -  Contact Inhibition,59.88,7.76,20.57,0,866,10921638,TRUE
10,G11,hFB1 -  Contact Inhibition,59.88,8.4,14.69,0,866,14083324,FALSE
10,G12,hFB1 -  Contact Inhibition,59.88,11.45,14.44,0,866,10921638,TRUE
10,H01,Background,59.88,0,0,0,866,14083324,FALSE
10,H02,hFB2 - Contact Inhibition,59.88,9.17,16.71,0,866,14083324,FALSE
10,H03,hFB2 - Contact Inhibition,59.88,-29.69,16.72,0,866,10921638,TRUE
10,H04,hFB2 - Contact Inhibition,59.88,-1.29,10.9,0,866,10921638,TRUE
10,H05,hFB2 - Contact Inhibition,59.88,11.05,15.95,0,866,14083324,FALSE
10,H06,hFB2 - Contact Inhibition,59.88,8.36,17.51,0,866,14083324,FALSE
10,H07,hFB2 - Contact Inhibition,59.88,-44.73,15.58,0,866,10921638,TRUE
10,H08,hFB2 - Contact Inhibition,59.88,8.82,16.58,0,866,14083324,FALSE
10,H09,hFB2 - Contact Inhibition,59.88,10.24,18.91,0,866,14083324,FALSE
10,H10,hFB2 - Contact Inhibition,59.88,1.99,11.47,0,866,10921638,TRUE
10,H11,hFB2 - Contact Inhibition,59.88,14.45,19.07,0,866,14083324,FALSE
10,H12,Background,59.88,0,0,0,866,14083324,FALSE
11,A01,Background,66.36,0,0,0,962,14083324,FALSE
11,A02,hFB1 - Ctrl  - 21% O2,66.36,9.9,20.54,0,962,14083324,FALSE
11,A03,hFB1 - Ctrl  - 21% O2,66.36,5.94,18.89,0,962,10921638,TRUE
11,A04,hFB1 - Ctrl  - 21% O2,66.36,8.72,21.77,0,962,10921638,TRUE
11,A05,hFB1 - Ctrl  - 21% O2,66.36,14.02,31.73,0,962,10921638,TRUE
11,A06,hFB1 - Ctrl  - 21% O2,66.36,947.94,1075.66,0,962,10921638,TRUE
11,A07,hFB1 - Ctrl  - 21% O2,66.36,73.85,86.53,0,962,10921638,TRUE
11,A08,hFB1 - Ctrl  - 21% O2,66.36,11.79,20.58,0,962,14083324,FALSE
11,A09,hFB1 - Ctrl  - 21% O2,66.36,8.25,17.13,0,962,14083324,FALSE
11,A10,hFB1 - Ctrl  - 21% O2,66.36,10.02,20.92,0,962,10921638,TRUE
11,A11,hFB1 - Ctrl  - 21% O2,66.36,12.59,34,0,962,10921638,TRUE
11,A12,Background,66.36,0,0,0,962,14083324,FALSE
11,B01,hFB2 - Ctrl - 21% O2,66.36,8.35,16.93,0,962,14083324,FALSE
11,B02,hFB2 - Ctrl - 21% O2,66.36,8.82,13.97,0,962,14083324,FALSE
11,B03,hFB2 - Ctrl - 21% O2,66.36,4.1,14.82,0,962,10921638,TRUE
11,B04,hFB2 - Ctrl - 21% O2,66.36,1.54,10.54,0,962,10921638,TRUE
11,B05,hFB2 - Ctrl - 21% O2,66.36,9.2,15.39,0,962,14083324,FALSE
11,B06,hFB2 - Ctrl - 21% O2,66.36,7.62,14.85,0,962,14083324,FALSE
11,B07,hFB2 - Ctrl - 21% O2,66.36,6.09,14.52,0,962,14083324,FALSE
11,B08,hFB2 - Ctrl - 21% O2,66.36,3.7,15.59,0,962,14083324,FALSE
11,B09,hFB2 - Ctrl - 21% O2,66.36,7.46,14.49,0,962,14083324,FALSE
11,B10,hFB2 - Ctrl - 21% O2,66.36,6.06,16.02,0,962,10921638,TRUE
11,B11,hFB2 - Ctrl - 21% O2,66.36,10.17,13.99,0,962,14083324,FALSE
11,B12,hFB2 - Ctrl - 21% O2,66.36,7.45,13.26,0,962,10921638,TRUE
11,C01,hFB1 - serum-free media,66.36,9.14,19.75,0,962,14083324,FALSE
11,C02,hFB1 - serum-free media,66.36,5.79,15.89,0,962,14083324,FALSE
11,C03,hFB1 - serum-free media,66.36,-41.69,15.71,0,962,10921638,TRUE
11,C04,hFB1 - serum-free media,66.36,6.38,17.33,0,962,14083324,FALSE
11,C05,hFB1 - serum-free media,66.36,5.42,15.88,0,962,10921638,TRUE
11,C06,hFB1 - serum-free media,66.36,9.24,16.87,0,962,14083324,FALSE
11,C07,hFB1 - serum-free media,66.36,6.38,16.28,0,962,14083324,FALSE
11,C08,hFB1 - serum-free media,66.36,5.39,15.14,0,962,14083324,FALSE
11,C09,hFB1 - serum-free media,66.36,7.24,20.25,0,962,14083324,FALSE
11,C10,hFB1 - serum-free media,66.36,4.94,20.24,0,962,14083324,FALSE
11,C11,hFB1 - serum-free media,66.36,12.74,18.81,0,962,14083324,FALSE
11,C12,hFB1 - serum-free media,66.36,4.72,15.14,0,962,10921638,TRUE
11,D01,hFB2 - serum-free media,66.36,9.1,20.93,0,962,14083324,FALSE
11,D02,hFB2 - serum-free media,66.36,8.35,18.23,0,962,14083324,FALSE
11,D03,hFB2 - serum-free media,66.36,-65.26,16.04,0,962,10921638,TRUE
11,D04,hFB2 - serum-free media,66.36,7.69,17.92,0,962,14083324,FALSE
11,D05,hFB2 - serum-free media,66.36,6.75,19.75,0,962,10921638,TRUE
11,D06,hFB2 - serum-free media,66.36,4.66,16.9,0,962,10921638,TRUE
11,D07,hFB2 - serum-free media,66.36,-43.42,15.25,0,962,10921638,TRUE
11,D08,hFB2 - serum-free media,66.36,5.53,18.17,0,962,14083324,FALSE
11,D09,hFB2 - serum-free media,66.36,7.34,18.24,0,962,14083324,FALSE
11,D10,hFB2 - serum-free media,66.36,5.95,18.55,0,962,10921638,TRUE
11,D11,hFB2 - serum-free media,66.36,6.98,17.48,0,962,10921638,TRUE
11,D12,hFB2 - serum-free media,66.36,-25.3,14.93,0,962,10921638,TRUE
11,E01,hFB1 - 1uM aphidicolin,66.36,9.61,28.52,0,962,14083324,FALSE
11,E02,hFB1 - 1uM aphidicolin,66.36,-4.77,24.48,0,962,14083324,FALSE
11,E03,hFB1 - 1uM aphidicolin,66.36,12.88,32.92,0,962,14083324,FALSE
11,E04,hFB1 - 1uM aphidicolin,66.36,12.83,31.04,0,962,14083324,FALSE
11,E05,hFB1 - 1uM aphidicolin,66.36,13.14,31.75,0,962,14083324,FALSE
11,E06,hFB1 - 1uM aphidicolin,66.36,11.52,32.77,0,962,10921638,TRUE
11,E07,hFB1 - 1uM aphidicolin,66.36,12.57,29.59,0,962,14083324,FALSE
11,E08,hFB1 - 1uM aphidicolin,66.36,10.09,30.31,0,962,14083324,FALSE
11,E09,hFB1 - 1uM aphidicolin,66.36,-43.42,26.25,0,962,10921638,TRUE
11,E10,hFB1 - 1uM aphidicolin,66.36,11.06,28.72,0,962,14083324,FALSE
11,E11,hFB1 - 1uM aphidicolin,66.36,11.6,33.2,0,962,10921638,TRUE
11,E12,hFB1 - 1uM aphidicolin,66.36,9.02,27.99,0,962,14083324,FALSE
11,F01,hFB2 - 1uM aphidicolin,66.36,15.43,38.08,0,962,14083324,FALSE
11,F02,hFB2 - 1uM aphidicolin,66.36,21.34,43.45,0,962,14083324,FALSE
11,F03,hFB2 - 1uM aphidicolin,66.36,12.64,41.6,0,962,10921638,TRUE
11,F04,hFB2 - 1uM aphidicolin,66.36,-4.42,30.53,0,962,10921638,TRUE
11,F05,hFB2 - 1uM aphidicolin,66.36,-11.87,30.65,0,962,10921638,TRUE
11,F06,hFB2 - 1uM aphidicolin,66.36,16.85,37.85,0,962,14083324,FALSE
11,F07,hFB2 - 1uM aphidicolin,66.36,-1.94,29.51,0,962,14083324,FALSE
11,F08,hFB2 - 1uM aphidicolin,66.36,16.24,35.94,0,962,14083324,FALSE
11,F09,hFB2 - 1uM aphidicolin,66.36,19.12,34.51,0,962,10921638,TRUE
11,F10,hFB2 - 1uM aphidicolin,66.36,16.25,33.75,0,962,10921638,TRUE
11,F11,hFB2 - 1uM aphidicolin,66.36,14.27,36.16,0,962,10921638,TRUE
11,F12,hFB2 - 1uM aphidicolin,66.36,16.52,41.41,0,962,14083324,FALSE
11,G01,hFB1 -  Contact Inhibition,66.36,5.55,12.98,0,962,14083324,FALSE
11,G02,hFB1 -  Contact Inhibition,66.36,-29.05,12.11,0,962,10921638,TRUE
11,G03,hFB1 -  Contact Inhibition,66.36,11.23,15.66,0,962,14083324,FALSE
11,G04,hFB1 -  Contact Inhibition,66.36,4.76,14.36,0,962,10921638,TRUE
11,G05,hFB1 -  Contact Inhibition,66.36,6.16,11.19,0,962,14083324,FALSE
11,G06,hFB1 -  Contact Inhibition,66.36,6.18,12.42,0,962,14083324,FALSE
11,G07,hFB1 -  Contact Inhibition,66.36,-34.84,11.04,0,962,10921638,TRUE
11,G08,hFB1 -  Contact Inhibition,66.36,4.99,15.58,0,962,14083324,FALSE
11,G09,hFB1 -  Contact Inhibition,66.36,8.01,14.66,0,962,14083324,FALSE
11,G10,hFB1 -  Contact Inhibition,66.36,6.64,20.4,0,962,10921638,TRUE
11,G11,hFB1 -  Contact Inhibition,66.36,8.62,15.39,0,962,14083324,FALSE
11,G12,hFB1 -  Contact Inhibition,66.36,10.83,14.31,0,962,10921638,TRUE
11,H01,Background,66.36,0,0,0,962,14083324,FALSE
11,H02,hFB2 - Contact Inhibition,66.36,9.19,17.61,0,962,14083324,FALSE
11,H03,hFB2 - Contact Inhibition,66.36,-30.12,17.74,0,962,10921638,TRUE
11,H04,hFB2 - Contact Inhibition,66.36,-1.82,10.79,0,962,10921638,TRUE
11,H05,hFB2 - Contact Inhibition,66.36,10.23,18.54,0,962,14083324,FALSE
11,H06,hFB2 - Contact Inhibition,66.36,8.42,18.83,0,962,14083324,FALSE
11,H07,hFB2 - Contact Inhibition,66.36,-45.73,15.89,0,962,10921638,TRUE
11,H08,hFB2 - Contact Inhibition,66.36,8.32,17.88,0,962,14083324,FALSE
11,H09,hFB2 - Contact Inhibition,66.36,9.98,19.95,0,962,14083324,FALSE
11,H10,hFB2 - Contact Inhibition,66.36,3.66,12.99,0,962,10921638,TRUE
11,H11,hFB2 - Contact Inhibition,66.36,13.36,18.18,0,962,14083324,FALSE
11,H12,Background,66.36,0,0,0,962,14083324,FALSE
12,A01,Background,72.84,0,0,0,1058,14083324,FALSE
12,A02,hFB1 - Ctrl  - 21% O2,72.84,9.56,20.8,0,1058,14083324,FALSE
12,A03,hFB1 - Ctrl  - 21% O2,72.84,5.64,19.2,0,1058,10921638,TRUE
12,A04,hFB1 - Ctrl  - 21% O2,72.84,8.73,21.96,0,1058,10921638,TRUE
12,A05,hFB1 - Ctrl  - 21% O2,72.84,14.29,31.5,0,1058,10921638,TRUE
12,A06,hFB1 - Ctrl  - 21% O2,72.84,793.54,1120.93,0,1058,10921638,TRUE
12,A07,hFB1 - Ctrl  - 21% O2,72.84,80.05,84.65,0,1058,10921638,TRUE
12,A08,hFB1 - Ctrl  - 21% O2,72.84,11.86,20.83,0,1058,14083324,FALSE
12,A09,hFB1 - Ctrl  - 21% O2,72.84,7.98,16.44,0,1058,14083324,FALSE
12,A10,hFB1 - Ctrl  - 21% O2,72.84,10.15,21.23,0,1058,10921638,TRUE
12,A11,hFB1 - Ctrl  - 21% O2,72.84,12.31,34.56,0,1058,10921638,TRUE
12,A12,Background,72.84,0,0,0,1058,14083324,FALSE
12,B01,hFB2 - Ctrl - 21% O2,72.84,7.89,16.45,0,1058,14083324,FALSE
12,B02,hFB2 - Ctrl - 21% O2,72.84,8.67,13.84,0,1058,14083324,FALSE
12,B03,hFB2 - Ctrl - 21% O2,72.84,3.76,15.29,0,1058,10921638,TRUE
12,B04,hFB2 - Ctrl - 21% O2,72.84,1.27,10.01,0,1058,10921638,TRUE
12,B05,hFB2 - Ctrl - 21% O2,72.84,9.3,15.32,0,1058,14083324,FALSE
12,B06,hFB2 - Ctrl - 21% O2,72.84,7.53,14.69,0,1058,14083324,FALSE
12,B07,hFB2 - Ctrl - 21% O2,72.84,5.51,14.48,0,1058,14083324,FALSE
12,B08,hFB2 - Ctrl - 21% O2,72.84,3.92,15.15,0,1058,14083324,FALSE
12,B09,hFB2 - Ctrl - 21% O2,72.84,7.59,14.59,0,1058,14083324,FALSE
12,B10,hFB2 - Ctrl - 21% O2,72.84,6.22,15.85,0,1058,10921638,TRUE
12,B11,hFB2 - Ctrl - 21% O2,72.84,9.85,14.24,0,1058,14083324,FALSE
12,B12,hFB2 - Ctrl - 21% O2,72.84,6.35,12.94,0,1058,10921638,TRUE
12,C01,hFB1 - serum-free media,72.84,9.23,19.8,0,1058,14083324,FALSE
12,C02,hFB1 - serum-free media,72.84,5.65,16.15,0,1058,14083324,FALSE
12,C03,hFB1 - serum-free media,72.84,-41.58,16.18,0,1058,10921638,TRUE
12,C04,hFB1 - serum-free media,72.84,6.48,17.47,0,1058,14083324,FALSE
12,C05,hFB1 - serum-free media,72.84,5.78,16.52,0,1058,10921638,TRUE
12,C06,hFB1 - serum-free media,72.84,9.11,16.74,0,1058,14083324,FALSE
12,C07,hFB1 - serum-free media,72.84,6.61,16.45,0,1058,14083324,FALSE
12,C08,hFB1 - serum-free media,72.84,5.07,15.13,0,1058,14083324,FALSE
12,C09,hFB1 - serum-free media,72.84,7.33,19.8,0,1058,14083324,FALSE
12,C10,hFB1 - serum-free media,72.84,4.82,20.43,0,1058,14083324,FALSE
12,C11,hFB1 - serum-free media,72.84,12.4,18.81,0,1058,14083324,FALSE
12,C12,hFB1 - serum-free media,72.84,4.91,14.75,0,1058,10921638,TRUE
12,D01,hFB2 - serum-free media,72.84,9.13,20.92,0,1058,14083324,FALSE
12,D02,hFB2 - serum-free media,72.84,8.56,18.54,0,1058,14083324,FALSE
12,D03,hFB2 - serum-free media,72.84,-66,16.34,0,1058,10921638,TRUE
12,D04,hFB2 - serum-free media,72.84,8.52,18.4,0,1058,14083324,FALSE
12,D05,hFB2 - serum-free media,72.84,6.61,20.09,0,1058,10921638,TRUE
12,D06,hFB2 - serum-free media,72.84,4.76,17.23,0,1058,10921638,TRUE
12,D07,hFB2 - serum-free media,72.84,-42.57,15.64,0,1058,10921638,TRUE
12,D08,hFB2 - serum-free media,72.84,5.33,18.57,0,1058,14083324,FALSE
12,D09,hFB2 - serum-free media,72.84,6.87,18.41,0,1058,14083324,FALSE
12,D10,hFB2 - serum-free media,72.84,5.53,19.42,0,1058,10921638,TRUE
12,D11,hFB2 - serum-free media,72.84,7.57,17.66,0,1058,10921638,TRUE
12,D12,hFB2 - serum-free media,72.84,-25.77,15.33,0,1058,10921638,TRUE
12,E01,hFB1 - 1uM aphidicolin,72.84,10.12,28.81,0,1058,14083324,FALSE
12,E02,hFB1 - 1uM aphidicolin,72.84,-5.17,23.89,0,1058,14083324,FALSE
12,E03,hFB1 - 1uM aphidicolin,72.84,12.51,32.27,0,1058,14083324,FALSE
12,E04,hFB1 - 1uM aphidicolin,72.84,13.14,30.06,0,1058,14083324,FALSE
12,E05,hFB1 - 1uM aphidicolin,72.84,13.56,31,0,1058,14083324,FALSE
12,E06,hFB1 - 1uM aphidicolin,72.84,11.22,32.81,0,1058,10921638,TRUE
12,E07,hFB1 - 1uM aphidicolin,72.84,12.88,29.42,0,1058,14083324,FALSE
12,E08,hFB1 - 1uM aphidicolin,72.84,10.6,29.7,0,1058,14083324,FALSE
12,E09,hFB1 - 1uM aphidicolin,72.84,-44.15,26.16,0,1058,10921638,TRUE
12,E10,hFB1 - 1uM aphidicolin,72.84,11.76,28.45,0,1058,14083324,FALSE
12,E11,hFB1 - 1uM aphidicolin,72.84,11.17,32.9,0,1058,10921638,TRUE
12,E12,hFB1 - 1uM aphidicolin,72.84,10,26.11,0,1058,14083324,FALSE
12,F01,hFB2 - 1uM aphidicolin,72.84,15.34,37.92,0,1058,14083324,FALSE
12,F02,hFB2 - 1uM aphidicolin,72.84,21.04,43.07,0,1058,14083324,FALSE
12,F03,hFB2 - 1uM aphidicolin,72.84,11.92,41.79,0,1058,10921638,TRUE
12,F04,hFB2 - 1uM aphidicolin,72.84,-4.62,29.82,0,1058,10921638,TRUE
12,F05,hFB2 - 1uM aphidicolin,72.84,-11.56,30.19,0,1058,10921638,TRUE
12,F06,hFB2 - 1uM aphidicolin,72.84,17.29,38.11,0,1058,14083324,FALSE
12,F07,hFB2 - 1uM aphidicolin,72.84,-2.34,29.5,0,1058,14083324,FALSE
12,F08,hFB2 - 1uM aphidicolin,72.84,16.1,35.81,0,1058,14083324,FALSE
12,F09,hFB2 - 1uM aphidicolin,72.84,18.43,34.17,0,1058,10921638,TRUE
12,F10,hFB2 - 1uM aphidicolin,72.84,16.19,33.9,0,1058,10921638,TRUE
12,F11,hFB2 - 1uM aphidicolin,72.84,13.86,36.51,0,1058,10921638,TRUE
12,F12,hFB2 - 1uM aphidicolin,72.84,16.38,40.15,0,1058,14083324,FALSE
12,G01,hFB1 -  Contact Inhibition,72.84,4.93,13.08,0,1058,14083324,FALSE
12,G02,hFB1 -  Contact Inhibition,72.84,-28.42,12.18,0,1058,10921638,TRUE
12,G03,hFB1 -  Contact Inhibition,72.84,11.36,15.74,0,1058,14083324,FALSE
12,G04,hFB1 -  Contact Inhibition,72.84,5.1,14.01,0,1058,10921638,TRUE
12,G05,hFB1 -  Contact Inhibition,72.84,5.99,11.32,0,1058,14083324,FALSE
12,G06,hFB1 -  Contact Inhibition,72.84,6.76,12.14,0,1058,14083324,FALSE
12,G07,hFB1 -  Contact Inhibition,72.84,-33.82,10.93,0,1058,10921638,TRUE
12,G08,hFB1 -  Contact Inhibition,72.84,5.54,15.47,0,1058,14083324,FALSE
12,G09,hFB1 -  Contact Inhibition,72.84,7.33,14.73,0,1058,14083324,FALSE
12,G10,hFB1 -  Contact Inhibition,72.84,7.92,20.33,0,1058,10921638,TRUE
12,G11,hFB1 -  Contact Inhibition,72.84,8.22,14.68,0,1058,14083324,FALSE
12,G12,hFB1 -  Contact Inhibition,72.84,11.48,14.44,0,1058,10921638,TRUE
12,H01,Background,72.84,0,0,0,1058,14083324,FALSE
12,H02,hFB2 - Contact Inhibition,72.84,8.57,16.51,0,1058,14083324,FALSE
12,H03,hFB2 - Contact Inhibition,72.84,-29.77,18.05,0,1058,10921638,TRUE
12,H04,hFB2 - Contact Inhibition,72.84,-2.18,10.97,0,1058,10921638,TRUE
12,H05,hFB2 - Contact Inhibition,72.84,10.86,19.54,0,1058,14083324,FALSE
12,H06,hFB2 - Contact Inhibition,72.84,8.55,18.84,0,1058,14083324,FALSE
12,H07,hFB2 - Contact Inhibition,72.84,-46.32,15.87,0,1058,10921638,TRUE
12,H08,hFB2 - Contact Inhibition,72.84,8.56,17.23,0,1058,14083324,FALSE
12,H09,hFB2 - Contact Inhibition,72.84,9.34,19.73,0,1058,14083324,FALSE
12,H10,hFB2 - Contact Inhibition,72.84,3.77,10.63,0,1058,10921638,TRUE
12,H11,hFB2 - Contact Inhibition,72.84,13.78,17,0,1058,14083324,FALSE
12,H12,Background,72.84,0,0,0,1058,14083324,FALSE